,date,frequency,avg_passenger_count,avg_trip_distance,avg_fare_amount,avg_tip_amount,avg_total_amount,sum_passenger_count,sum_trip_distance,sum_fare_amount,sum_tip_amount,sum_total_amount,date_of_interest,CASE_COUNT,HOSPITALIZED_COUNT,DEATH_COUNT,CASE_COUNT_7DAY_AVG,ALL_CASE_COUNT_7DAY_AVG,HOSP_COUNT_7DAY_AVG,DEATH_COUNT_7DAY_AVG,ALL_DEATH_COUNT_7DAY_AVG,policy,policy_coverage_area
0,2020-02-01,148313,1.484866464841248,2.059710814291417,9.838054047858247,2.320542838456412,15.528000512429605,220225.0,305481.8900000029,1459111.31,344166.66999998584,2303004.339999972,2020-02-01,0.0001,0.0001,0.0001,0.0001,0.0001,0.0001,0.0001,0.0001,0.0001,0.0001
1,2020-02-02,132571,1.4635101191059885,2.1333270473934864,9.611997193956444,2.267749356948267,15.258962065620583,194019.0,282817.3000000019,1274272.0799999998,300637.79999998875,2022895.8600013864,2020-02-02,0.0001,0.0001,0.0001,0.0001,0.0001,0.0001,0.0001,0.0001,0.0001,0.0001
2,2020-02-03,132445,1.3684623806108196,2.0532867982936605,9.95857442712069,2.3933135263693988,15.93212503304135,181246.0,271947.57000000385,1318963.3899999997,316982.409999995,2110130.3000011616,2020-02-03,0.0001,0.0001,0.0001,0.0001,0.0001,0.0001,0.0001,0.0001,0.0001,0.0001
3,2020-02-04,153960,1.372817614964926,2.01962860483242,10.179030397505848,2.4622503897115884,16.228978695761686,211359.0,310942.01999999944,1567163.5200000003,379088.06999999617,2498613.559999469,2020-02-04,0.0001,0.0001,0.0001,0.0001,0.0001,0.0001,0.0001,0.0001,0.0001,0.0001
4,2020-02-05,166709,1.3773881434115736,2.0090751549106276,10.162773935420402,2.4584531728940644,16.21559255948264,229623.0,334930.90999999584,1694225.88,409846.2699999966,2703285.2199987913,2020-02-05,0.0001,0.0001,0.0001,0.0001,0.0001,0.0001,0.0001,0.0001,0.0001,0.0001
5,2020-02-06,174219,1.374098117886109,1.979586382656352,10.276193009947251,2.4671391754056624,16.332781097345155,239394.0,344881.560000007,1790308.07,429822.5199999991,2845480.789998376,2020-02-06,0.0001,0.0001,0.0001,0.0001,0.0001,0.0001,0.0001,0.0001,0.0001,0.0001
6,2020-02-07,179894,1.3997353997353998,1.9540663946546264,10.199597207244265,2.4174233159526963,16.199443172079093,251804.0,351524.81999999937,1834846.3399999999,434879.94999999437,2914182.6299979966,2020-02-07,0.0001,0.0001,0.0001,0.0001,0.0001,0.0001,0.0001,0.0001,0.0001,0.0001
7,2020-02-08,153096,1.4883863719496264,2.064175876574184,10.094952513455608,2.357416000417938,15.825986701152399,227866.0,316017.0700000013,1545496.8499999999,360910.9599999846,2422895.2599996277,2020-02-08,0.0001,0.0001,0.0001,0.0001,0.0001,0.0001,0.0001,0.0001,0.0001,0.0001
8,2020-02-09,122616,1.4670189861029557,2.1490506948522325,9.870283649768382,2.322716366542602,15.571524841792266,179880.0,263508.00000000134,1210254.7,284802.18999998766,1909318.0900012006,2020-02-09,0.0001,0.0001,0.0001,0.0001,0.0001,0.0001,0.0001,0.0001,0.0001,0.0001
9,2020-02-10,146605,1.3719382012891783,1.9591358412059838,10.05518693086866,2.417408001091336,16.051092663959952,201133.0,287219.11000000325,1474140.68,354404.0999999953,2353170.439999849,2020-02-10,0.0001,0.0001,0.0001,0.0001,0.0001,0.0001,0.0001,0.0001,0.0001,0.0001
10,2020-02-11,157408,1.3692887273836145,1.9995056795080468,10.282315003049401,2.476434425188053,16.33671840058464,215537.0,314738.1900000026,1618518.6400000001,389810.5900000011,2571530.169999227,2020-02-11,0.0001,0.0001,0.0001,0.0001,0.0001,0.0001,0.0001,0.0001,0.0001,0.0001
11,2020-02-12,168750,1.376397037037037,2.0234957037037127,10.2243346962963,2.463195496296312,16.289226548139993,232267.0,341464.90000000154,1725356.4800000004,415664.2400000026,2748806.979998624,2020-02-12,0.0001,0.0001,0.0001,0.0001,0.0001,0.0001,0.0001,0.0001,0.0001,0.0001
12,2020-02-13,175398,1.379120628513438,1.9967775003135957,10.411454235510098,2.4796661877558286,16.471670942645652,241895.0,350230.78000000404,1826148.2500000002,434928.4899999968,2889098.139998162,2020-02-13,0.0001,0.0001,0.0001,0.0001,0.0001,0.0001,0.0001,0.0001,0.0001,0.0001
13,2020-02-14,178331,1.4095081617890328,1.9574260223965367,10.250487296095464,2.414601443383381,16.245742860175067,251359.0,349069.7399999968,1827979.6500000001,430598.29000000167,2897119.5699978797,2020-02-14,0.0001,0.0001,0.0001,0.0001,0.0001,0.0001,0.0001,0.0001,0.0001,0.0001
14,2020-02-15,133641,1.4995772255520388,2.046225634348743,9.935555181418875,2.3454720482485687,15.636564901500321,200405.0,273459.64000000036,1327797.53,313451.22999998694,2089686.1700014044,2020-02-15,0.0001,0.0001,0.0001,0.0001,0.0001,0.0001,0.0001,0.0001,0.0001,0.0001
15,2020-02-16,106046,1.5012636025875563,2.1650147105972777,9.87004686645418,2.332957490145653,15.5695035173509,159203.0,229591.14999999892,1046678.99,247400.8099999859,1651083.5700009936,2020-02-16,0.0001,0.0001,0.0001,0.0001,0.0001,0.0001,0.0001,0.0001,0.0001,0.0001
16,2020-02-17,93679,1.4264776524087575,2.140772851973224,9.57926312193768,2.3018158818944534,15.25499941289673,133631.0,200545.45999999967,897375.7899999999,215631.80999999048,1429073.0900007528,2020-02-17,0.0001,0.0001,0.0001,0.0001,0.0001,0.0001,0.0001,0.0001,0.0001,0.0001
17,2020-02-18,129325,1.369588246665378,2.0547303305625473,10.122004871447903,2.440782138024326,16.158836110583934,177122.0,265728.00000000146,1309028.28,315654.149999996,2089741.480001267,2020-02-18,0.0001,0.0001,0.0001,0.0001,0.0001,0.0001,0.0001,0.0001,0.0001,0.0001
18,2020-02-19,150380,1.3747439819124883,2.050342731746303,10.20024384891608,2.4709579731347104,16.28046635190543,206734.0,308330.54000000906,1533912.67,371582.65999999776,2448256.529999539,2020-02-19,0.0001,0.0001,0.0001,0.0001,0.0001,0.0001,0.0001,0.0001,0.0001,0.0001
19,2020-02-20,166350,1.3849594229035167,2.021589900811597,10.334816471295461,2.4835817853922357,16.424174210992923,230388.0,336291.4800000092,1719196.72,413143.82999999844,2732161.3799986728,2020-02-20,0.0001,0.0001,0.0001,0.0001,0.0001,0.0001,0.0001,0.0001,0.0001,0.0001
20,2020-02-21,164646,1.4046681972231332,1.9845627588887784,10.216105158947077,2.435266389708783,16.24334584501753,231273.0,326750.3200000018,1682040.8500000003,400956.86999999225,2674401.919998756,2020-02-21,0.0001,0.0001,0.0001,0.0001,0.0001,0.0001,0.0001,0.0001,0.0001,0.0001
21,2020-02-22,143950,1.490580062521709,2.088460090309125,10.038021465786729,2.3530616186174313,15.759245293505474,214569.0,300633.82999999856,1444973.1899999997,338723.21999997925,2268543.360000113,2020-02-22,0.0001,0.0001,0.0001,0.0001,0.0001,0.0001,0.0001,0.0001,0.0001,0.0001
22,2020-02-23,118044,1.469807868252516,2.177975161804098,9.88434448171868,2.331613805021719,15.590631374751407,173502.0,257096.90000000293,1166787.5599999998,275233.0199999838,1840380.490001155,2020-02-23,0.0001,0.0001,0.0001,0.0001,0.0001,0.0001,0.0001,0.0001,0.0001,0.0001
23,2020-02-24,134344,1.3676010837849104,2.0599522866670643,10.021204743047699,2.4218406478889642,16.041433484194478,183729.0,276742.2300000001,1346288.73,325359.759999995,2155070.340000623,2020-02-24,0.0001,0.0001,0.0001,0.0001,0.0001,0.0001,0.0001,0.0001,0.0001,0.0001
24,2020-02-25,160832,1.3694351870274573,1.9836270145244572,10.28486787455233,2.473689129029012,16.34843289891964,220249.0,319030.6999999975,1654135.87,397848.36999999406,2629351.1599990437,2020-02-25,0.0001,0.0001,0.0001,0.0001,0.0001,0.0001,0.0001,0.0001,0.0001,0.0001
25,2020-02-26,165237,1.36270326863838,2.021112523224256,10.346161150347683,2.4777500196687416,16.40474712079467,225169.0,333962.57000000635,1709568.6300000001,409415.9800000039,2710671.199998749,2020-02-26,0.0001,0.0001,0.0001,0.0001,0.0001,0.0001,0.0001,0.0001,0.0001,0.0001
26,2020-02-27,182858,1.3704240448872895,2.0023278172133563,10.300896597359698,2.465534239683304,16.366603265910026,250593.0,366141.6599999999,1883601.3499999996,450842.66000000964,2992764.339997776,2020-02-27,0.0001,0.0001,0.0001,0.0001,0.0001,0.0001,0.0001,0.0001,0.0001,0.0001
27,2020-02-28,175933,1.3981174651714006,2.012169462238428,10.293860674233942,2.4256157173469095,16.298688648508666,245975.0,354007.0099999934,1811029.7900000003,426745.8499999938,2867477.189998075,2020-02-28,0.0001,0.0001,0.0001,0.0001,0.0001,0.0001,0.0001,0.0001,0.0001,0.0001
28,2020-02-29,158117,1.4822631342613382,2.027253173283075,9.850310339811658,2.310247980925429,15.50987553520131,234371.0,320543.18999999994,1557501.52,365289.479999986,2452374.9899994256,2020-02-29,1.0,1.0,0.0001,0.0001,0.0001,0.0001,0.0001,0.0001,0.0001,0.0001
29,2020-03-01,116232,1.0,2.1882097012870716,9.826381375180674,1.729067124371888,14.84436058918122,116232.0,254339.9899999989,1142139.96,200972.9299999933,1725389.7200017115,2020-03-01,0.0001,1.0,0.0001,0.0001,0.0001,0.0001,0.0001,0.0001,0.0001,0.0001
30,2020-03-02,136952,1.0,2.0769350575383503,10.073396591506516,1.8639971668905295,15.460917182675798,136952.0,284440.4099999922,1379571.8100000003,255278.1399999918,2117403.530001816,2020-03-02,0.0001,2.0,0.0001,0.0001,0.0001,0.0001,0.0001,0.0001,0.0001,0.0001
31,2020-03-03,160535,1.0,2.005983181237728,10.297188899616904,1.93674469741799,15.758704581552797,160535.0,322030.50999999867,1653059.2199999997,310915.309999997,2529823.6399995782,2020-03-03,1.0,7.0,0.0001,0.0001,0.0001,0.0001,0.0001,0.0001,0.0001,0.0001
32,2020-03-04,165494,1.0,2.0536676858375422,10.434640530774528,1.9696836743325288,15.945181758849282,165494.0,339869.67999999825,1726870.4,325970.8299999875,2638831.909999003,2020-03-04,5.0,2.0,0.0001,0.0001,0.0001,0.0001,0.0001,0.0001,0.0001,0.0001
33,2020-03-05,174697,1.0,2.0657241967520865,10.497645122698156,1.9836783115908627,16.014740608014034,174697.0,360875.81999999925,1833907.1099999996,346542.64999998896,2797727.1399982274,2020-03-05,3.0,14.0,0.0001,0.0001,0.0001,0.0001,0.0001,0.0001,0.0001,0.0001
34,2020-03-06,171589,1.0,1.984955970371044,10.416551177523035,1.916021714678646,15.842590900339644,171589.0,340596.6099999971,1787365.6,328768.2499999942,2718414.329998379,2020-03-06,8.0,8.0,0.0001,3.0,3.0,5.0,0.0001,0.0001,0.0001,0.0001
35,2020-03-07,138743,1.0,2.1093292634583674,10.076804379320036,1.7703127364983027,15.129601493424255,138743.0,292654.6700000043,1398086.0699999998,245618.49999998402,2099126.3000021614,2020-03-07,7.0,8.0,0.0001,3.0,3.0,6.0,0.0001,0.0001,0.0001,0.0001
36,2020-03-08,108104,1.0,2.2476482831347666,9.875181399393178,1.7316275993487138,14.893329386530652,108104.0,242979.77000000083,1067546.61,187195.86999999336,1610028.4800015097,2020-03-08,21.0,18.0,0.0001,6.0,6.0,8.0,0.0001,0.0001,0.0001,0.0001
37,2020-03-09,125518,1.0,2.1048165203397162,10.105116636657689,1.85442183591191,15.471467996636616,125518.0,264192.3600000005,1268374.0299999998,232763.31999999113,1941947.7200018347,2020-03-09,57.0,37.0,0.0001,15.0,15.0,13.0,0.0001,0.0001,0.0001,0.0001
38,2020-03-10,133840,1.0,2.083884040645545,10.269361625821876,1.9149064554691346,15.699151524222515,133840.0,278907.03999999975,1374451.3599999999,256291.079999989,2101174.4400019413,2020-03-10,69.0,58.0,0.0001,24.0,24.0,21.0,0.0001,0.0001,0.0001,0.0001
39,2020-03-11,132626,1.0,2.0878241068870333,10.185715470571385,1.9220849607165191,15.625164975208017,132626.0,276899.75999999966,1350890.7000000004,254918.43999998906,2072303.1300019384,2020-03-11,155.0,79.0,1.0,46.0,46.0,32.0,0.0001,0.0001,0.0001,0.0001
40,2020-03-12,124423,1.0,2.096399942132911,10.220332092941018,1.9050562998801828,15.622529275148407,124423.0,260840.3700000032,1271644.3800000001,237032.81999999197,1943801.9600017902,2020-03-12,355.0,107.0,0.0001,96.0,96.0,45.0,0.0001,0.0001,0.0001,0.0001
41,2020-03-13,96568,1.0,2.0767285229061128,9.782511805152847,1.758296640709125,14.962559336439423,96568.0,200545.51999999752,944677.6000000001,169795.18999999878,1444904.4300012821,2020-03-13,619.0,152.0,0.0001,183.0,183.0,66.0,0.0001,0.0001,0.0001,0.0001
42,2020-03-14,61674,1.0,2.1364787430683725,9.276932580990369,1.5585069883581981,14.006426208782042,61674.0,131765.1899999988,572145.54,96119.36000000351,863832.3300004236,2020-03-14,642.0,176.0,2.0,274.0,274.0,90.0,0.0001,1.0,1.0,0.0001
43,2020-03-15,40477,1.0,2.2353358697531873,9.323055562418164,1.5292156039232325,13.998425278552078,40477.0,90479.68999999977,377369.32,61898.06000000068,566614.2599999525,2020-03-15,1035.0,209.0,4.0,419.0,419.0,117.0,1.0,1.0,1.0,0.0001
44,2020-03-16,47417,1.0,2.1692812704304183,9.54055486428918,1.6290172301073713,14.518930974126265,47417.0,102860.80999999915,452384.49000000005,77243.11000000122,688444.1500001451,2020-03-16,2121.0,340.0,8.0,714.0,714.0,160.0,2.0,2.0,1.0,0.0001
45,2020-03-17,34628,1.0,2.153397828346994,9.351478572253669,1.595250086635116,14.250009529855923,34628.0,74567.85999999971,323823.00000000006,55240.3200000008,493449.3299998509,2020-03-17,2452.0,387.0,8.0,1054.0,1055.0,207.0,3.0,4.0,1.0,0.0001
46,2020-03-18,27899,1.0,2.1849170221154854,9.359842646689845,1.5663729882791677,14.229041184267922,27899.0,60956.99999999993,261130.25,43700.2400000005,396976.01999989076,2020-03-18,2971.0,494.0,20.0,1456.0,1458.0,266.0,6.0,7.0,1.0,0.0001
47,2020-03-19,23181,1.0,2.152596954402312,9.177022130192832,1.5220003451102389,13.964567533752742,23181.0,49899.34999999999,212732.55000000002,35281.49000000045,323712.6399999223,2020-03-19,3706.0,633.0,24.0,1935.0,1937.0,342.0,9.0,11.0,1.0,0.0001
48,2020-03-20,21490,1.0,2.177208469055364,9.241047929269428,1.49277338296884,13.986852489526854,21490.0,46788.20999999977,198590.12,32079.70000000037,300577.4599999321,2020-03-20,4006.0,739.0,47.0,2419.0,2422.0,425.0,16.0,18.0,1.0,0.0001
49,2020-03-21,12367,1.0,2.144497452898846,9.036829465513058,1.3240430177084144,13.263414732755793,12367.0,26521.000000000025,111758.47,16374.43999999996,164028.64999999088,2020-03-21,2639.0,739.0,44.0,2704.0,2708.0,506.0,22.0,25.0,1.0,0.0001
50,2020-03-22,7758,1.0,2.197803557617951,9.063290796597062,1.368992008249547,13.346000257799508,7758.0,17050.560000000063,70313.01000000001,10620.639999999987,103538.27000000859,2020-03-22,2580.0,774.0,49.0,2925.0,2929.0,587.0,29.0,32.0,1.0,1.0
51,2020-03-23,10591,1.0,2.066459257860447,8.788065338494947,1.4365546218487395,13.468141818525575,10591.0,21885.86999999999,93074.4,15214.55,142641.09000000436,2020-03-23,3570.0,1140.0,82.0,3132.0,3138.0,701.0,39.0,44.0,1.0,1.0
52,2020-03-24,9350,1.0,2.154345454545449,9.022919786096255,1.3655903743315518,13.61561497326326,9350.0,20143.129999999946,84364.29999999999,12768.27000000001,127306.00000001147,2020-03-24,4497.0,1302.0,95.0,3424.0,3431.0,832.0,52.0,58.0,1.0,1.0
53,2020-03-25,8864,1.0,2.192391696750908,9.118806407942238,1.415065433212997,13.726085288809832,8864.0,19433.360000000048,80829.09999999999,12543.140000000005,121668.02000001035,2020-03-25,4875.0,1421.0,124.0,3696.0,3705.0,964.0,66.0,75.0,1.0,1.0
54,2020-03-26,8451,1.0,2.192942847000355,9.159196544787598,1.387210980948999,13.745210034316683,8451.0,18532.56,77404.37,11723.31999999999,116160.77000001029,2020-03-26,5044.0,1533.0,186.0,3887.0,3902.0,1093.0,90.0,103.0,1.0,1.0
55,2020-03-27,9453,1.0,2.22492013117529,9.243303713106952,1.312108325399344,13.68308261927561,9453.0,21032.170000000016,87376.95000000001,12403.359999999999,129346.18000001233,2020-03-27,5119.0,1569.0,218.0,4046.0,4066.0,1211.0,114.0,134.0,1.0,1.0
56,2020-03-28,6045,1.0,2.0935880893300243,8.845252274607114,1.2333813068651753,12.941685690654339,6045.0,12655.739999999998,53469.55,7455.7899999999845,78232.49000000548,2020-03-28,3479.0,1382.0,273.0,4166.0,4193.0,1303.0,147.0,173.0,1.0,1.0
57,2020-03-29,4310,1.0,2.22798143851508,9.1122969837587,1.3522529002320183,13.310074245940282,4310.0,9602.599999999995,39274.0,5828.209999999999,57366.42000000261,2020-03-29,3560.0,1501.0,290.0,4306.0,4341.0,1407.0,181.0,216.0,1.0,1.0
58,2020-03-30,7508,1.0,2.2296790090570013,9.201963239211507,1.4250053276505017,13.834690996271776,7508.0,16740.429999999968,69088.34,10698.939999999966,103870.8600000085,2020-03-30,6129.0,1848.0,323.0,4672.0,4717.0,1508.0,216.0,260.0,1.0,1.0
59,2020-03-31,7329,1.0,2.205778414517674,9.143539364169737,1.4011829717560376,13.722241779234226,7329.0,16166.150000000034,67013.0,10269.269999999999,100570.31000000764,2020-03-31,5458.0,1781.0,386.0,4809.0,4865.0,1576.0,257.0,313.0,1.0,1.0
60,2020-04-01,7294,1.0,2.2078996435426337,9.131257197696737,1.281926240745814,13.524638058679452,7294.0,16104.41999999997,66603.39,9350.369999999968,98648.71000000792,2020-04-01,5449.0,1728.0,447.0,4891.0,4959.0,1620.0,303.0,371.0,1.0,1.0
61,2020-04-02,6983,1.0,2.223736216525856,9.197104396391236,1.3451038235715267,13.688928827152699,6983.0,15528.350000000053,64223.380000000005,9392.859999999971,95589.7900000073,2020-04-02,5746.0,1661.0,497.0,4991.0,5078.0,1639.0,348.0,434.0,1.0,1.0
62,2020-04-03,8192,1.0,2.2065112304687506,9.17143798828125,1.3100866699218745,13.60594848632932,8192.0,18075.740000000005,75132.42,10732.229999999996,111459.93000000979,2020-04-03,5669.0,1707.0,499.0,5070.0,5174.0,1658.0,388.0,492.0,1.0,1.0
63,2020-04-04,4947,1.0,2.2226783909440098,9.231113806347281,1.2139033757833029,13.256035981403597,4947.0,10995.590000000017,45666.32,6005.179999999999,65577.6100000036,2020-04-04,3866.0,1444.0,510.0,5125.0,5249.0,1667.0,422.0,545.0,1.0,1.0
64,2020-04-05,3894,1.0,2.292226502311254,9.320801232665639,1.2894658448895722,13.460536723164303,3894.0,8925.930000000022,36295.2,5021.179999999994,52415.3300000018,2020-04-05,3780.0,1399.0,578.0,5157.0,5296.0,1653.0,463.0,602.0,1.0,1.0
65,2020-04-06,6424,1.0,2.2035990037359876,9.132767745952677,1.3100575965130745,13.590169676215192,6424.0,14155.919999999986,58668.899999999994,8415.80999999999,87303.25000000639,2020-04-06,6353.0,1741.0,576.0,5189.0,5348.0,1637.0,499.0,658.0,1.0,1.0
66,2020-04-07,6106,1.0,2.209792007861124,9.13061742548313,1.3321536193907575,13.655438912545947,6106.0,13492.990000000022,55751.549999999996,8134.129999999966,83380.11000000554,2020-04-07,6044.0,1573.0,598.0,5272.0,5450.0,1608.0,529.0,707.0,1.0,1.0
67,2020-04-08,6216,1.0,2.2115942728442755,9.12275579150579,1.3512998712998694,13.64080437580533,6216.0,13747.270000000015,56707.049999999996,8399.679999999988,84791.24000000593,2020-04-08,5575.0,1539.0,568.0,5290.0,5482.0,1581.0,547.0,738.0,1.0,1.0
68,2020-04-09,6064,1.0,2.1988192612137216,9.106703496042215,1.3535207783641126,13.597612137204091,6064.0,13333.640000000007,55223.049999999996,8207.749999999978,82455.92000000562,2020-04-09,5070.0,1342.0,558.0,5194.0,5389.0,1535.0,555.0,751.0,1.0,1.0
69,2020-04-10,6702,1.0,2.20095195464041,9.080489406147418,1.3578573560131266,13.568748134886114,6702.0,14750.780000000028,60857.439999999995,9100.359999999975,90937.75000000674,2020-04-10,4510.0,1283.0,537.0,5028.0,5226.0,1474.0,561.0,759.0,1.0,1.0
70,2020-04-11,4705,1.0,2.2193283740701424,9.204797024442085,1.2724973432518578,13.27302869288059,4705.0,10441.94000000002,43308.57000000001,5987.099999999991,62449.60000000318,2020-04-11,3733.0,1038.0,544.0,5009.0,5205.0,1416.0,566.0,762.0,1.0,1.0
71,2020-04-12,3349,1.0,2.309516273514484,9.341131681098835,1.3233084502836676,13.56871603463746,3349.0,7734.570000000006,31283.45,4431.760000000003,45441.63000000085,2020-04-12,2888.0,948.0,573.0,4882.0,5078.0,1352.0,565.0,761.0,1.0,1.0
72,2020-04-13,5715,1.0,2.202932633420826,9.104491688538932,1.4233455818022716,13.697842519685858,5715.0,12589.760000000022,52032.17,8134.419999999982,78283.17000000468,2020-04-13,3311.0,1144.0,568.0,4447.0,4638.0,1267.0,564.0,754.0,1.0,1.0
73,2020-04-14,6388,1.0,2.225214464621171,9.213149655604258,1.3392219787100768,13.725840638698537,6388.0,14214.67000000004,58853.6,8554.94999999997,87680.67000000626,2020-04-14,4144.0,978.0,507.0,4176.0,4356.0,1182.0,551.0,730.0,1.0,1.0
74,2020-04-15,6372,1.0,2.2602824858757087,9.282004080351538,1.3819114877589447,13.78308223477816,6372.0,14402.520000000015,59144.92999999999,8805.539999999995,87825.80000000643,2020-04-15,3876.0,857.0,455.0,3933.0,4099.0,1084.0,535.0,700.0,1.0,1.0
75,2020-04-16,6612,1.0,2.2013324258923057,9.115683605565637,1.3305096793708353,13.585940713854583,6612.0,14555.209999999926,60272.899999999994,8797.329999999964,89830.24000000651,2020-04-16,3530.0,777.0,413.0,3713.0,3871.0,1004.0,514.0,671.0,1.0,1.0
76,2020-04-17,7326,1.0,2.2165629265629243,9.207358722358723,1.358531258531257,13.7434425334436,7326.0,16238.539999999985,67453.11,9952.59999999999,100684.46000000782,2020-04-17,3586.0,787.0,384.0,3581.0,3725.0,933.0,492.0,636.0,1.0,1.0
77,2020-04-18,4479,1.0,2.17943514177272,9.081379772270596,1.266079482027236,13.179653940612345,4479.0,9761.690000000013,40675.5,5670.76999999999,59031.6700000027,2020-04-18,2172.0,585.0,390.0,3358.0,3494.0,868.0,470.0,606.0,1.0,1.0
78,2020-04-19,3853,1.0,2.309548403841168,9.404848170256942,1.393568647806905,13.721484557488134,3853.0,8898.69000000002,36236.88,5369.420000000005,52868.88000000178,2020-04-19,2343.0,533.0,399.0,3280.0,3404.0,809.0,445.0,569.0,1.0,1.0
79,2020-04-20,6239,1.0,2.2291537105305372,9.221437730405514,1.352944382112514,13.732162205482624,6239.0,13907.69000000002,57532.549999999996,8441.019999999975,85674.96000000609,2020-04-20,3792.0,630.0,363.0,3349.0,3460.0,735.0,416.0,527.0,1.0,1.0
80,2020-04-21,6092,1.0,2.2283732764280972,9.228566973079449,1.4101411687458887,13.812087984242558,6092.0,13575.249999999967,56220.43,8590.579999999954,84143.24000000567,2020-04-21,3063.0,585.0,323.0,3195.0,3299.0,679.0,390.0,494.0,1.0,1.0
81,2020-04-22,6561,1.0,2.2272610882487456,9.251124828532236,1.3927145252248117,13.809402530103114,6561.0,14613.06000000002,60696.63,9137.59999999999,90603.49000000652,2020-04-22,3447.0,512.0,311.0,3133.0,3234.0,630.0,369.0,470.0,1.0,1.0
82,2020-04-23,6712,1.0,2.2117476162097764,9.189703516090583,1.4041895113230016,13.75260131108561,6712.0,14845.250000000018,61681.28999999999,9424.919999999987,92307.46000000661,2020-04-23,2841.0,443.0,330.0,3035.0,3128.0,582.0,357.0,450.0,1.0,1.0
83,2020-04-24,7023,1.0,2.2202278228677192,9.223119749394845,1.3964473871564846,13.77715506194039,7023.0,15592.659999999993,64773.969999999994,9807.24999999999,96756.96000000736,2020-04-24,2535.0,462.0,314.0,2885.0,2972.0,536.0,347.0,435.0,1.0,1.0
84,2020-04-25,5428,1.0,2.2722402358142975,9.409253868828298,1.33993551952837,13.586536477524787,5428.0,12333.720000000007,51073.43,7273.169999999992,73747.72000000454,2020-04-25,1595.0,323.0,265.0,2802.0,2881.0,498.0,329.0,408.0,1.0,1.0
85,2020-04-26,3688,1.0,2.318874728850319,9.454910520607376,1.423760845986983,13.785667028199972,3688.0,8552.009999999977,34869.71,5250.829999999994,50841.5400000015,2020-04-26,1003.0,312.0,245.0,2611.0,2684.0,467.0,307.0,380.0,1.0,1.0
86,2020-04-27,6423,1.0,2.2129814728320136,9.17650786236961,1.409754009030042,13.747292542426646,6423.0,14213.980000000023,58940.71000000001,9054.84999999996,88298.86000000635,2020-04-27,2290.0,370.0,270.0,2396.0,2462.0,430.0,294.0,360.0,1.0,1.0
87,2020-04-28,6678,1.0,2.2145882000599024,9.257532195268045,1.3717520215633368,13.80350554058201,6678.0,14789.020000000028,61821.8,9160.559999999963,92179.81000000666,2020-04-28,2726.0,350.0,229.0,2348.0,2405.0,396.0,281.0,338.0,1.0,1.0
88,2020-04-29,6869,1.0,2.209352161886743,9.193841898384044,1.39538069588004,13.76337166982196,6869.0,15176.040000000039,63152.5,9584.869999999995,94540.60000000705,2020-04-29,2340.0,309.0,237.0,2190.0,2240.0,367.0,270.0,320.0,1.0,1.0
89,2020-04-30,6987,1.0,2.173536567911838,9.144472591956491,1.4050679833977395,13.713927293546227,6987.0,15186.500000000013,63892.43,9817.210000000006,95819.21000000749,2020-04-30,2022.0,253.0,224.0,2073.0,2116.0,340.0,255.0,298.0,1.0,1.0
90,2020-05-01,7990,1.0,2.203679599499375,9.262121401752191,1.3097596996245304,13.70083979975085,7990.0,17607.40000000001,74004.35,10464.979999999998,109469.71000000929,2020-05-01,1887.0,262.0,210.0,1980.0,2020.0,311.0,240.0,280.0,1.0,1.0
91,2020-05-02,5823,1.0,2.3104121586810775,9.555923063712862,1.278462991585089,13.67385024901342,5823.0,13453.529999999913,55644.14,7444.4899999999725,79622.83000000514,2020-05-02,1058.0,205.0,190.0,1904.0,1941.0,294.0,229.0,267.0,1.0,1.0
92,2020-05-03,4136,1.0,2.3052852998065783,9.430447292069632,1.3147533849129576,13.61666102514558,4136.0,9534.660000000007,39004.329999999994,5437.819999999992,56318.51000000212,2020-05-03,787.0,215.0,177.0,1873.0,1907.0,281.0,220.0,254.0,1.0,1.0
93,2020-05-04,7174,1.0,2.2206161137440796,9.333495957624756,1.3149637580150497,13.781582102036223,7174.0,15930.700000000026,66958.5,9433.549999999967,98869.07000000787,2020-05-04,1550.0,238.0,158.0,1767.0,1800.0,262.0,204.0,236.0,1.0,1.0
94,2020-05-05,7123,1.0,2.2258037343815826,9.33798118770181,1.3525424680612075,13.871686087323827,7123.0,15854.400000000012,66514.44,9634.159999999982,98808.02000000761,2020-05-05,1512.0,212.0,151.0,1594.0,1624.0,242.0,192.0,223.0,1.0,1.0
95,2020-05-06,7621,1.0,2.2679254690985484,9.43794777588243,1.3698281065476974,13.989787429472305,7621.0,17283.860000000037,71926.59999999999,10439.460000000001,106616.17000000844,2020-05-06,1398.0,212.0,151.0,1459.0,1488.0,228.0,180.0,209.0,1.0,1.0
96,2020-05-07,7561,1.0,2.264676630075387,9.470764449146937,1.3457730458933996,13.995364369793489,7561.0,17123.22,71608.45,10175.389999999994,105818.95000000857,2020-05-07,1238.0,176.0,141.0,1347.0,1375.0,217.0,168.0,196.0,1.0,1.0
97,2020-05-08,8318,1.0,2.1877470545804387,9.244883385429192,1.368642702572733,13.79789492666622,8318.0,18197.680000000088,76898.94000000002,11384.369999999994,114770.89000000962,2020-05-08,1079.0,169.0,131.0,1232.0,1257.0,204.0,157.0,183.0,1.0,1.0
98,2020-05-09,5638,1.0,2.2308052500886917,9.268148279531749,1.3014278112805953,13.420296204328672,5638.0,12577.280000000042,52253.82,7337.449999999996,75663.63000000505,2020-05-09,657.0,122.0,99.0,1174.0,1197.0,192.0,144.0,166.0,1.0,1.0
99,2020-05-10,4870,1.0,2.379108829568791,9.639509240246408,1.3484887063654967,13.884406570842657,4870.0,11586.260000000011,46944.41,6567.1399999999685,67617.06000000374,2020-05-10,457.0,104.0,103.0,1127.0,1147.0,176.0,133.0,153.0,1.0,1.0
100,2020-05-11,7167,1.0,2.2158281010185603,9.287108971675737,1.3466638760987875,13.818484721641918,7167.0,15880.840000000022,66560.71,9651.54000000001,99037.08000000763,2020-05-11,1232.0,180.0,104.0,1082.0,1099.0,168.0,126.0,143.0,1.0,1.0
101,2020-05-12,7263,1.0,2.2847129285419334,9.535760704942861,1.391606774060302,14.09422552664299,7263.0,16593.87000000006,69258.23,10107.239999999972,102366.36000000803,2020-05-12,1285.0,111.0,90.0,1049.0,1066.0,153.0,117.0,134.0,1.0,1.0
102,2020-05-13,7722,1.0,2.2620940170940145,9.495376845376846,1.3513377363377372,13.994690494691689,7722.0,17467.88999999998,73323.3,10435.030000000006,108067.00000000923,2020-05-13,1333.0,128.0,83.0,1040.0,1054.0,141.0,107.0,121.0,1.0,1.0
103,2020-05-14,7715,1.0,2.219626701231371,9.391473752430331,1.351197666882692,13.913832793261005,7715.0,17124.420000000027,72455.22,10424.489999999969,107345.22000000865,2020-05-14,1110.0,142.0,70.0,1022.0,1035.0,137.0,97.0,110.0,1.0,1.0
104,2020-05-15,8821,1.0,2.278432150549824,9.627585307788234,1.3980501076975405,14.181883006463096,8821.0,20098.05,84924.93000000001,12332.200000000004,125098.39000001097,2020-05-15,873.0,126.0,86.0,992.0,1004.0,130.0,91.0,102.0,1.0,1.0
105,2020-05-16,6384,1.0,2.2987265037593976,9.546557017543858,1.3217293233082712,13.732359022557347,6384.0,14675.069999999994,60945.21999999999,8437.920000000004,87667.3800000061,2020-05-16,485.0,91.0,84.0,968.0,981.0,126.0,89.0,102.0,1.0,1.0
106,2020-05-17,4652,1.0,2.3570356835769553,9.593254514187446,1.3387510748065325,13.856758383491641,4652.0,10964.929999999995,44627.82,6227.86999999999,64461.64000000311,2020-05-17,360.0,81.0,77.0,954.0,967.0,123.0,85.0,98.0,1.0,1.0
107,2020-05-18,8201,1.0,2.2531764418973226,9.468223387391783,1.365232288745272,14.0068052676515,8201.0,18478.29999999994,77648.90000000001,11196.269999999975,114869.81000000995,2020-05-18,895.0,113.0,59.0,906.0,918.0,113.0,78.0,90.0,1.0,1.0
108,2020-05-19,8844,1.0,2.2572444595205754,9.533683853459973,1.4099853007688872,14.133270013569769,8844.0,19963.06999999997,84315.9,12469.910000000038,124994.64000001103,2020-05-19,1004.0,115.0,55.0,866.0,877.0,114.0,73.0,85.0,1.0,1.0
109,2020-05-20,8963,1.0,2.260031239540333,9.546408568559636,1.4113042508088791,14.181133549036208,8963.0,20256.660000000003,85564.46000000002,12649.519999999984,127105.50000001153,2020-05-20,1077.0,79.0,79.0,829.0,840.0,107.0,73.0,84.0,1.0,1.0
110,2020-05-21,9152,1.0,2.2762838723776344,9.618288898601397,1.449190340909089,14.30565668706419,9152.0,20832.550000000112,88026.57999999999,13262.989999999982,130925.37000001146,2020-05-21,1069.0,84.0,45.0,823.0,833.0,98.0,69.0,79.0,1.0,1.0
111,2020-05-22,9638,1.0,2.2517109358788168,9.569276820917201,1.430355882963271,14.230054990662804,9638.0,21701.990000000038,92228.68999999999,13785.770000000006,137149.2700000081,2020-05-22,1036.0,101.0,66.0,847.0,856.0,95.0,66.0,76.0,1.0,1.0
112,2020-05-23,5530,1.0,2.30890235081374,9.541721518987341,1.2882983725135597,13.700640144666355,5530.0,12768.229999999983,52765.719999999994,7124.289999999985,75764.54000000494,2020-05-23,455.0,75.0,60.0,842.0,850.0,93.0,63.0,71.0,1.0,1.0
113,2020-05-24,5417,1.0,2.4952556765737435,9.970991323610855,1.4819678788997588,14.438142883515685,5417.0,13516.799999999968,54012.86,8027.819999999993,78211.42000000447,2020-05-24,467.0,87.0,48.0,858.0,864.0,93.0,59.0,66.0,1.0,1.0
114,2020-05-25,5192,1.0,2.3234976887519245,9.469262326656395,1.4009803543913695,13.82531201849075,5192.0,12063.599999999991,49164.41,7273.88999999999,71781.02000000398,2020-05-25,464.0,78.0,47.0,796.0,802.0,88.0,57.0,63.0,1.0,1.0
115,2020-05-26,9285,1.0,2.2902175551965573,9.689312870220785,1.4512202477113638,14.393934302639702,9285.0,21264.670000000035,89965.26999999999,13474.580000000013,133647.68000000963,2020-05-26,1050.0,75.0,38.0,803.0,809.0,83.0,55.0,60.0,1.0,1.0
116,2020-05-27,9740,1.0,2.248085215605753,9.569620123203286,1.425563655030798,14.232113963039675,9740.0,21896.350000000035,93208.1,13884.989999999972,138620.79000000644,2020-05-27,741.0,76.0,48.0,755.0,761.0,82.0,50.0,56.0,1.0,1.0
117,2020-05-28,9688,1.0,2.2743455821635017,9.668677745664741,1.5000392237819984,14.4056977704383,9688.0,22033.860000000004,93670.15000000001,14532.380000000001,139562.40000000625,2020-05-28,646.0,80.0,38.0,694.0,700.0,82.0,49.0,54.0,1.0,1.0
118,2020-05-29,10514,1.0,2.2496033859615774,9.561066197451016,1.4649334221038595,14.27074852577526,10514.0,23652.330000000024,100525.04999999999,15402.309999999978,150042.6500000011,2020-05-29,639.0,84.0,43.0,637.0,643.0,79.0,46.0,51.0,1.0,1.0
119,2020-05-30,7822,1.0,2.3786742521094393,9.877821529020707,1.4444937356174865,14.253754794171448,7822.0,18605.990000000034,77264.31999999998,11298.82999999998,111492.87000000906,2020-05-30,346.0,54.0,52.0,622.0,628.0,76.0,45.0,50.0,1.0,1.0
120,2020-05-31,6095,1.0,2.4307842493847325,9.825268252666119,1.462065627563573,14.262554552913139,6095.0,14815.629999999945,59885.009999999995,8911.289999999977,86930.27000000558,2020-05-31,230.0,60.0,39.0,588.0,595.0,72.0,44.0,48.0,1.0,1.0
121,2020-06-01,10279,1.0,2.3069306352757875,9.793624866232122,1.4729419204202736,14.487033758147833,10279.0,23712.93999999982,100668.66999999998,15140.369999999994,148912.22000000157,2020-06-01,686.0,82.0,35.0,620.0,627.0,73.0,42.0,47.0,1.0,1.0
122,2020-06-02,10306,1.0,2.3009111197360754,9.886428294197556,1.5395284300407537,14.659446924121925,10306.0,23713.189999999995,101889.53000000001,15866.380000000006,151080.26000000056,2020-06-02,571.0,63.0,38.0,551.0,559.0,71.0,42.0,47.0,1.0,1.0
123,2020-06-03,10250,1.0,2.227785365853667,9.59568487804878,1.4670575609756078,14.234493658536799,10250.0,22834.800000000083,98355.77,15037.33999999998,145903.56000000218,2020-06-03,515.0,75.0,43.0,519.0,527.0,71.0,41.0,46.0,1.0,1.0
124,2020-06-04,10785,1.0,2.2822661103384387,9.807035697728326,1.528134445989805,14.559308298562692,10785.0,24614.24000000006,105768.87999999999,16480.930000000048,157022.13999999865,2020-06-04,519.0,75.0,33.0,501.0,510.0,70.0,40.0,45.0,1.0,1.0
125,2020-06-05,11244,1.0,2.3475978299537537,10.016091248665957,1.5693578797580872,14.850119174670533,11244.0,26396.390000000007,112620.93000000001,17645.85999999993,166974.73999999548,2020-06-05,402.0,55.0,28.0,467.0,476.0,66.0,38.0,43.0,1.0,1.0
126,2020-06-06,8067,1.0,2.479199206644354,10.221985868352547,1.5847787281517234,14.740085533656721,8067.0,19999.700000000004,82460.76,12784.409999999953,118908.27000000876,2020-06-06,247.0,36.0,34.0,453.0,462.0,64.0,36.0,40.0,1.0,1.0
127,2020-06-07,6462,1.0,2.4896734757041115,10.0461095636026,1.5609254100897505,14.583511296813002,6462.0,16088.269999999968,64917.96,10086.699999999968,94238.65000000563,2020-06-07,197.0,54.0,25.0,448.0,458.0,63.0,34.0,38.0,1.0,1.0
128,2020-06-08,11795,1.0,2.257376006782535,9.716909707503179,1.4813276812208593,14.485805002118958,11795.0,26625.749999999996,114610.95,17472.260000000035,170860.0699999931,2020-06-08,447.0,62.0,40.0,414.0,425.0,60.0,34.0,39.0,1.0,0.0001
129,2020-06-09,12143,1.0,2.223807955200529,9.635263938071317,1.5263287490735418,14.473302314089691,12143.0,27003.700000000026,117001.01,18534.210000000017,175749.30999999112,2020-06-09,419.0,65.0,31.0,392.0,404.0,60.0,33.0,37.0,1.0,0.0001
130,2020-06-10,12729,1.0,2.208889936365785,9.616572393746562,1.5431133631864262,14.471265613951479,12729.0,28116.96000000008,122409.34999999999,19642.29000000002,184204.73999998838,2020-06-10,363.0,63.0,32.0,371.0,384.0,59.0,32.0,36.0,1.0,0.0001
131,2020-06-11,12612,1.0,2.204766095781799,9.649205518553757,1.5434871550903893,14.478078813827167,12612.0,27806.510000000053,121695.77999999998,19466.45999999999,182597.52999998824,2020-06-11,363.0,50.0,21.0,348.0,363.0,55.0,30.0,34.0,1.0,0.0001
132,2020-06-12,13789,1.0,2.2860867358039023,9.932440351004425,1.5670534484009044,14.79607948364496,13789.0,31522.85000000001,136958.42,21608.10000000007,204023.13999998034,2020-06-12,409.0,52.0,23.0,349.0,364.0,55.0,29.0,34.0,1.0,0.0001
133,2020-06-13,9307,1.0,2.441289352100553,9.986135167078544,1.5206425271301187,14.520566240465046,9307.0,22721.079999999845,92940.96,14152.620000000015,135142.91000000818,2020-06-13,196.0,34.0,15.0,342.0,358.0,54.0,27.0,31.0,1.0,0.0001
134,2020-06-14,7184,1.0,2.541699610244983,10.118720768374162,1.5293569042316277,14.685878340758252,7184.0,18259.569999999956,72692.88999999998,10986.900000000014,105503.35000000728,2020-06-14,180.0,46.0,23.0,340.0,356.0,53.0,26.0,30.0,1.0,0.0001
135,2020-06-15,12572,1.0,2.2789460706331575,9.854704104358893,1.5412090359529114,14.712480909957694,12572.0,28650.910000000054,123893.34,19376.08,184965.30999998812,2020-06-15,380.0,53.0,20.0,330.0,346.0,52.0,24.0,26.0,1.0,0.0001
136,2020-06-16,13526,1.0,2.240734141653106,9.831218394203754,1.5773709892059786,14.734479520921404,13526.0,30308.16999999991,132977.05999999997,21335.520000000066,199298.56999998292,2020-06-16,419.0,61.0,16.0,330.0,347.0,51.0,21.0,24.0,1.0,0.0001
137,2020-06-17,13952,1.0,2.227029099770633,9.82926748853211,1.575063790137629,14.746962442659289,13952.0,31071.50999999987,137137.94,21975.2900000002,205749.6199999824,2020-06-17,356.0,50.0,20.0,329.0,345.0,49.0,20.0,22.0,1.0,0.0001
138,2020-06-18,14198,1.0,2.232343992111563,9.828860402873644,1.5921559374559848,14.766888294124465,14198.0,31694.81999999997,139550.16,22605.430000000073,209660.27999997916,2020-06-18,378.0,58.0,17.0,331.0,346.0,51.0,19.0,21.0,1.0,0.0001
139,2020-06-19,15301,1.0,2.2768211228024278,10.05394484020652,1.6217430233318215,14.997998823604476,15301.0,34837.63999999995,153835.40999999997,24814.2900000002,229484.3799999721,2020-06-19,361.0,45.0,15.0,324.0,339.0,50.0,18.0,19.0,1.0,0.0001
140,2020-06-20,9901,1.0,2.432080597919403,9.995079284920713,1.5432693667306339,14.570153519846755,9901.0,24080.03000000001,98961.27999999998,15279.910000000005,144259.09000000273,2020-06-20,203.0,27.0,17.0,325.0,341.0,49.0,18.0,19.0,1.0,0.0001
141,2020-06-21,8275,1.0,2.550995770392753,10.1384833836858,1.5741752265861004,14.76088700906459,8275.0,21109.49000000003,83895.95,13026.299999999981,122146.34000000948,2020-06-21,172.0,43.0,23.0,324.0,339.0,48.0,18.0,19.0,1.0,0.0001
142,2020-06-22,16113,1.0,2.2339793955191474,9.790652888971639,1.5826115558865579,14.706031775583067,16113.0,35996.11000000002,157756.79,25500.620000000108,236958.28999996997,2020-06-22,402.0,50.0,17.0,327.0,342.0,48.0,18.0,19.0,1.0,0.0001
143,2020-06-23,17191,1.0,2.185505206212559,9.803585597114774,1.617938456168944,14.784240591004663,17191.0,37571.020000000106,168533.44000000006,27813.980000000316,254155.87999996115,2020-06-23,381.0,44.0,19.0,322.0,336.0,45.0,18.0,19.0,1.0,0.0001
144,2020-06-24,17372,1.0,2.1961829380612357,9.862901220354594,1.6275944047893265,14.877592102231166,17372.0,38152.089999999786,171338.32,28274.57000000018,258453.5299999598,2020-06-24,381.0,53.0,18.0,325.0,340.0,46.0,18.0,18.0,1.0,0.0001
145,2020-06-25,17906,1.0,2.1980554004244333,9.890814252205967,1.6137825309952099,14.88508879704885,17906.0,39358.3799999999,177104.92000000004,28896.39000000023,266532.3999999567,2020-06-25,298.0,42.0,15.0,314.0,329.0,43.0,18.0,18.0,1.0,0.0001
146,2020-06-26,17902,1.0,2.2681460172047934,10.092789632443303,1.6269913976092145,15.08085130152803,17902.0,40604.35000000021,180681.12,29126.400000000158,269977.3999999548,2020-06-26,317.0,33.0,17.0,308.0,322.0,42.0,18.0,19.0,1.0,0.0001
147,2020-06-27,11735,1.0,2.374702172986797,9.825390711546655,1.5414946740519795,14.43647890924529,11735.0,27867.130000000063,115300.95999999999,18089.43999999998,169412.07999999347,2020-06-27,206.0,42.0,12.0,308.0,321.0,44.0,17.0,18.0,1.0,0.0001
148,2020-06-28,10024,1.0,2.447755387071015,9.898949521149241,1.604390462889068,14.601865522745603,10024.0,24536.299999999857,99227.06999999999,16082.410000000018,146369.10000000193,2020-06-28,201.0,32.0,11.0,312.0,326.0,42.0,16.0,17.0,1.0,0.0001
149,2020-06-29,16992,1.0,2.237696563088523,9.90335687382298,1.6199046610169623,14.90885298963999,16992.0,38022.940000000184,168277.84000000008,27525.420000000224,253331.22999996273,2020-06-29,437.0,48.0,16.0,317.0,332.0,42.0,15.0,17.0,1.0,0.0001
150,2020-06-30,17291,1.0,2.1899670348736295,9.944025215429994,1.6127945173789986,14.915473945981203,17291.0,37866.71999999993,171942.14,27886.830000000264,257903.459999961,2020-06-30,441.0,44.0,11.0,326.0,341.0,42.0,14.0,16.0,1.0,0.0001
151,2020-07-01,17508,1.0,2.166341101210871,9.803783984464246,1.5690935572309923,14.72869259766724,17508.0,37928.29999999993,171644.65000000002,27471.690000000213,257869.94999995804,2020-07-01,395.0,38.0,9.0,328.0,344.0,40.0,13.0,15.0,1.0,0.0001
152,2020-07-02,18469,1.0,2.214685689533804,9.942976880177595,1.604030537657706,14.874828090310933,18469.0,40903.029999999824,183636.84,29624.84000000017,274723.19999995263,2020-07-02,416.0,46.0,17.0,345.0,361.0,40.0,13.0,15.0,1.0,0.0001
153,2020-07-03,13551,1.0,2.2221872924507475,9.437856984724375,1.3876599512951142,13.908020810271129,13551.0,30112.86000000008,127892.40000000001,18804.18000000009,188467.58999998408,2020-07-03,234.0,30.0,11.0,333.0,349.0,40.0,12.0,14.0,1.0,0.0001
154,2020-07-04,9266,1.0,2.4278901359810128,9.84289229440967,1.43439024390244,14.271785020506204,9266.0,22496.830000000064,91204.24,13291.06000000001,132242.3600000105,2020-07-04,120.0,30.0,5.0,321.0,336.0,38.0,11.0,13.0,1.0,0.0001
155,2020-07-05,8978,1.0,2.464886388950767,9.900083537536199,1.494944308309195,14.424312764536722,8978.0,22129.749999999985,88882.95,13421.609999999951,129501.48000001069,2020-07-05,155.0,28.0,8.0,314.0,329.0,38.0,11.0,12.0,1.0,0.0001
156,2020-07-06,16516,1.0,2.1680067813029873,9.579605836764353,1.550166505207087,14.471800072654739,16516.0,35806.80000000014,158216.77000000005,25602.55000000025,239016.24999996566,2020-07-06,431.0,54.0,6.0,313.0,328.0,39.0,10.0,11.0,1.0,0.0001
157,2020-07-07,18211,1.0,2.161615507111092,9.686455439020376,1.584412717588283,14.623299654052813,18211.0,39365.180000000095,176400.04000000007,28853.74000000022,266304.9099999558,2020-07-07,461.0,47.0,6.0,316.0,333.0,39.0,9.0,10.0,1.0,0.0001
158,2020-07-08,18491,1.0,2.1449364555729726,9.701933372992267,1.592653723433028,14.663881347680158,18491.0,39662.01999999984,179398.45,29449.760000000122,271149.8299999538,2020-07-08,437.0,34.0,14.0,322.0,338.0,38.0,10.0,11.0,1.0,0.0001
159,2020-07-09,19984,1.0,2.18404773819053,9.882617093674945,1.6205709567654272,14.866269515609643,19984.0,43646.00999999955,197494.2200000001,32385.490000000296,297087.5299999431,2020-07-09,391.0,46.0,6.0,318.0,335.0,38.0,8.0,10.0,1.0,0.0001
160,2020-07-10,16506,1.0,2.1376753907669928,9.652845026051134,1.563363625348367,14.507666909000617,16506.0,35284.46999999998,159329.86000000002,25804.880000000143,239463.5499999642,2020-07-10,306.0,44.0,5.0,329.0,346.0,40.0,7.0,9.0,1.0,0.0001
161,2020-07-11,12526,1.0,2.2070461440204494,9.344648730640268,1.5032923519080323,13.929666294107534,12526.0,27645.460000000152,117051.06999999999,18830.240000000013,174482.99999999098,2020-07-11,259.0,33.0,8.0,349.0,367.0,41.0,8.0,9.0,1.0,0.0001
162,2020-07-12,10897,1.0,2.47053133890061,9.994628796916581,1.6235073873543133,14.711661007616438,10897.0,26921.37999999995,108911.46999999999,17691.359999999953,160312.96999999633,2020-07-12,223.0,26.0,4.0,358.0,377.0,41.0,7.0,9.0,1.0,0.0001
163,2020-07-13,17495,1.0,2.1555758788225114,9.612504715633042,1.56818348099458,14.550445841666729,17495.0,37711.799999999836,168170.77000000008,27435.370000000177,254560.04999995942,2020-07-13,483.0,49.0,14.0,366.0,384.0,40.0,8.0,10.0,1.0,0.0001
164,2020-07-14,19580,1.0,2.1411578140960286,9.739808988764048,1.5920229826353571,14.712930541365951,19580.0,41923.870000000235,190705.46000000008,31171.810000000292,288079.17999994534,2020-07-14,402.0,43.0,10.0,357.0,374.0,39.0,9.0,10.0,1.0,0.0001
165,2020-07-15,19900,1.0,2.1562427135678397,9.784135175879396,1.6448542713567988,14.841218090449505,19900.0,42909.23000000001,194704.28999999998,32732.600000000297,295340.23999994516,2020-07-15,440.0,44.0,12.0,358.0,376.0,41.0,8.0,10.0,1.0,0.0001
166,2020-07-16,20052,1.0,2.185085278276479,9.843411629762619,1.6182440654298893,14.872502493513988,20052.0,43815.32999999996,197380.09000000003,32449.03000000014,298223.4199999425,2020-07-16,411.0,35.0,6.0,361.0,379.0,39.0,8.0,10.0,1.0,0.0001
167,2020-07-17,18929,1.0,2.1761572190818304,9.783458185852394,1.615799566802271,14.77878915948818,18929.0,41192.47999999997,185191.08,30585.47000000019,279747.69999995176,2020-07-17,413.0,49.0,10.0,376.0,394.0,40.0,9.0,10.0,1.0,0.0001
168,2020-07-18,14300,1.0,2.3458342657342497,9.754502797202798,1.5645825174825192,14.410986013984488,14300.0,33545.42999999977,139489.39,22373.530000000024,206077.09999997818,2020-07-18,216.0,27.0,9.0,370.0,389.0,39.0,9.0,11.0,1.0,0.0001
169,2020-07-19,10880,1.0,2.447933823529413,9.87460018382353,1.5647545955882365,14.533153492646887,10880.0,26633.520000000015,107435.65000000001,17024.530000000013,158120.70999999813,2020-07-19,176.0,38.0,7.0,363.0,384.0,41.0,10.0,11.0,1.0,0.0001
170,2020-07-20,18383,1.0,2.1347402491432406,9.48708535059566,1.6044677147364537,14.463426535383576,18383.0,39242.93000000019,174401.09000000003,29494.93000000023,265881.16999995627,2020-07-20,401.0,38.0,8.0,351.0,373.0,39.0,9.0,10.0,1.0,0.0001
171,2020-07-21,20339,1.0,2.110432174639848,9.619371650523627,1.6348601209499127,14.663634888634821,20339.0,42924.07999999986,195648.40000000005,33251.420000000275,298243.66999994364,2020-07-21,340.0,24.0,6.0,342.0,364.0,36.0,8.0,10.0,1.0,0.0001
172,2020-07-22,21405,1.0,2.0887344078486376,9.615251109553844,1.6506423732772864,14.676884839987595,21405.0,44709.36000000009,205814.45,35332.00000000031,314158.7199999345,2020-07-22,329.0,40.0,6.0,327.0,348.0,36.0,7.0,9.0,1.0,0.0001
173,2020-07-23,20877,1.0,2.1063792690520606,9.630540307515451,1.6288571154859628,14.670159026677153,20877.0,43974.87999999987,201056.79000000007,34005.650000000445,306268.9099999389,2020-07-23,308.0,32.0,7.0,312.0,332.0,35.0,8.0,9.0,1.0,0.0001
174,2020-07-24,19734,1.0,2.1668967264619394,9.85682730313165,1.6459815546772232,14.888403770140187,19734.0,42761.53999999991,194514.63,32481.800000000323,293807.75999994646,2020-07-24,298.0,40.0,5.0,295.0,315.0,34.0,7.0,8.0,1.0,0.0001
175,2020-07-25,16039,1.0,2.348208117713081,9.848120830475716,1.5616216721740859,14.537325893133506,16039.0,37662.910000000105,157954.01,25046.850000000162,233164.1699999683,2020-07-25,153.0,35.0,11.0,286.0,306.0,35.0,7.0,8.0,1.0,0.0001
176,2020-07-26,11256,1.0,2.418566098081028,9.845470859985785,1.5895353589196868,14.551711975834715,11256.0,27223.380000000052,110820.62,17891.809999999994,163794.06999999555,2020-07-26,140.0,25.0,7.0,281.0,299.0,33.0,7.0,8.0,1.0,0.0001
177,2020-07-27,19853,1.0,2.117556036871003,9.487532866569286,1.571174129854444,14.434307157605689,19853.0,42039.840000000026,188355.99000000002,31192.520000000277,286564.29999994574,2020-07-27,312.0,39.0,3.0,269.0,285.0,34.0,6.0,7.0,1.0,0.0001
178,2020-07-28,21784,1.0,2.070740910760192,9.575616048475947,1.62556325743667,14.602895703265308,21784.0,45109.020000000026,208595.22000000003,35411.27000000042,318109.4799999315,2020-07-28,313.0,37.0,12.0,265.0,281.0,35.0,7.0,8.0,1.0,0.0001
179,2020-07-29,23406,1.0,2.102075108946423,9.693200888661028,1.6554746646159266,14.77481158676938,23406.0,49201.169999999984,226879.06000000003,38748.04000000038,345819.2399999241,2020-07-29,287.0,30.0,5.0,259.0,276.0,34.0,7.0,8.0,1.0,0.0001
180,2020-07-30,23443,1.0,2.108486968391432,9.684409418589771,1.643172375549234,14.727734504966113,23443.0,49429.26000000034,227031.61000000002,38520.89000000069,345262.2799999206,2020-07-30,274.0,36.0,4.0,254.0,271.0,35.0,7.0,7.0,1.0,0.0001
181,2020-07-31,22496,1.0,2.2474742176386995,10.119528805120911,1.6731867887624619,15.173026315786222,22496.0,50559.18000000018,227648.92,37640.010000000344,341332.39999992686,2020-07-31,262.0,34.0,3.0,249.0,266.0,34.0,6.0,7.0,1.0,0.0001
182,2020-08-01,18138,1.0,2.323492667328267,9.735154923365311,1.5481100452089607,14.370663799754952,18138.0,42143.51000000011,176576.24000000002,28079.62000000013,260655.09999995533,2020-08-01,189.0,27.0,6.0,254.0,271.0,33.0,6.0,6.0,1.0,0.0001
183,2020-08-02,12552,1.0,2.305477214786489,9.512324729126833,1.5226338432122382,14.139735500317919,12552.0,28938.350000000006,119398.70000000001,19112.100000000013,177481.9599999905,2020-08-02,135.0,33.0,2.0,253.0,269.0,34.0,5.0,6.0,1.0,0.0001
184,2020-08-03,21844,1.0,2.07667322834646,9.49753067203809,1.5516379783922456,14.42038683391004,21844.0,45362.85000000007,207464.06000000003,33893.980000000214,314998.9299999309,2020-08-03,348.0,38.0,2.0,258.0,276.0,34.0,5.0,6.0,1.0,0.0001
185,2020-08-04,17941,1.0,2.112334318042461,9.397853519870685,1.575330806532539,14.307528565852481,17941.0,37897.38999999979,168606.88999999996,28263.010000000282,256691.36999995937,2020-08-04,187.0,32.0,4.0,240.0,258.0,33.0,4.0,5.0,1.0,0.0001
186,2020-08-05,24637,1.0,2.090575962982521,9.893776839712627,1.6343548321630292,14.929970369765483,24637.0,51505.52000000037,243752.98,40265.60000000055,367829.6799999122,2020-08-05,298.0,39.0,6.0,242.0,259.0,34.0,4.0,5.0,1.0,0.0001
187,2020-08-06,25264,1.0,2.0846987808739668,9.763461051298291,1.6535516941102089,14.82026836605089,25264.0,52667.82999999989,246664.08000000002,41775.330000000315,374419.2599999097,2020-08-06,288.0,34.0,5.0,244.0,262.0,34.0,4.0,5.0,1.0,0.0001
188,2020-08-07,24045,1.0,2.1073025577043127,9.770482012892494,1.6227810355583434,14.793567477642544,24045.0,50670.0900000002,234931.24000000002,39019.77000000037,355711.329999915,2020-08-07,255.0,22.0,2.0,243.0,261.0,32.0,4.0,5.0,1.0,0.0001
189,2020-08-08,17511,1.0,2.2189520872594284,9.484525726686083,1.553637142367664,14.165362343667482,17511.0,38856.06999999985,166083.53,27205.740000000165,248049.65999996127,2020-08-08,160.0,20.0,4.0,239.0,259.0,31.0,4.0,4.0,1.0,0.0001
190,2020-08-09,13739,1.0,2.298932236698446,9.556111798529734,1.541557609724148,14.232791323967083,13739.0,31585.02999999995,131291.42,21179.46000000007,195544.31999998377,2020-08-09,133.0,27.0,3.0,238.0,260.0,30.0,4.0,4.0,1.0,0.0001
191,2020-08-10,21727,1.0,2.1019634556082183,9.506099783679296,1.5613121922032653,14.453540295481815,21727.0,45669.35999999976,206539.03000000006,33922.63000000035,314032.0699999334,2020-08-10,312.0,41.0,5.0,233.0,256.0,31.0,4.0,5.0,1.0,0.0001
192,2020-08-11,23805,1.0,2.054679689140934,9.52308422600294,1.619842049989506,14.568352026881731,23805.0,48911.64999999993,226697.02,38560.34000000019,346799.6199999196,2020-08-11,263.0,25.0,4.0,244.0,268.0,30.0,4.0,5.0,1.0,0.0001
193,2020-08-12,25293,1.0,2.0315407424979286,9.63558059542166,1.6619183173210257,14.701069861222967,25293.0,51383.760000000104,243712.74000000002,42034.9000000007,371834.1599999125,2020-08-12,320.0,30.0,1.0,247.0,270.0,28.0,3.0,4.0,1.0,0.0001
194,2020-08-13,24341,1.0,2.0791085000616194,9.723353190090796,1.6713282116593682,14.801516782380206,24341.0,50607.57999999988,236676.14000000004,40681.80000000068,360283.7199999166,2020-08-13,276.0,38.0,3.0,246.0,271.0,29.0,3.0,4.0,1.0,0.0001
195,2020-08-14,24696,1.0,2.1233434564301814,9.85358276643991,1.6656353255588086,14.916750890829093,24696.0,52438.08999999976,243344.08000000002,41134.53000000033,368384.07999991527,2020-08-14,277.0,37.0,3.0,249.0,274.0,31.0,3.0,4.0,1.0,0.0001
196,2020-08-15,18982,1.0,2.3039131809082285,9.759648087661997,1.5904614898324891,14.491057844270925,18982.0,43732.88,185257.64,30190.14000000031,275069.2599999507,2020-08-15,151.0,23.0,4.0,247.0,271.0,32.0,3.0,4.0,1.0,0.0001
197,2020-08-16,12114,1.0,2.3611441307577956,9.655306257223048,1.5683465411920057,14.361641076439833,12114.0,28602.899999999936,116964.37999999999,18998.949999999957,173976.91999999213,2020-08-16,140.0,21.0,5.0,248.0,272.0,31.0,4.0,5.0,1.0,0.0001
198,2020-08-17,21522,1.0,2.093359353219985,9.556957996468732,1.5934713316606484,14.541538890434587,21522.0,45053.280000000515,205684.85000000003,34294.690000000475,312962.9999999332,2020-08-17,333.0,34.0,5.0,251.0,274.0,30.0,4.0,5.0,1.0,0.0001
199,2020-08-18,24578,1.0,2.0992647896492866,9.741039547562863,1.6460537879404575,14.811475709981075,24578.0,51595.73000000016,239415.27000000005,40456.71000000057,364036.44999991485,2020-08-18,283.0,39.0,1.0,254.0,277.0,32.0,3.0,4.0,1.0,0.0001
200,2020-08-19,24816,1.0,2.0844447130883315,9.718589619600259,1.6880613313991137,14.825137411344159,24816.0,51727.58000000004,241176.52000000002,41890.93000000041,367900.60999991663,2020-08-19,257.0,35.0,1.0,245.0,271.0,32.0,3.0,4.0,1.0,0.0001
201,2020-08-20,26284,1.0,2.0925677218079413,9.77609420179577,1.6754576928930298,14.882573809157902,26284.0,55001.04999999993,256954.86000000002,44037.730000000396,391173.5699999063,2020-08-20,227.0,36.0,7.0,238.0,262.0,32.0,4.0,4.0,1.0,0.0001
202,2020-08-21,25256,1.0,2.1292275102945837,9.81578120050681,1.6528112131770873,14.874704228694558,25256.0,53775.770000000004,247907.37000000002,41743.40000000052,375675.52999990975,2020-08-21,252.0,31.0,3.0,235.0,259.0,31.0,4.0,4.0,1.0,0.0001
203,2020-08-22,20076,1.0,2.243940526001189,9.605266985455271,1.5987656903765752,14.356632795374852,20076.0,45049.349999999875,192835.34000000003,32096.820000000123,288223.7599999455,2020-08-22,136.0,27.0,6.0,233.0,258.0,32.0,4.0,4.0,1.0,0.0001
204,2020-08-23,14873,1.0,2.354264102736502,9.75560814899482,1.624357560680434,14.543068647883874,14873.0,35014.969999999994,145095.15999999997,24159.070000000094,216299.05999997686,2020-08-23,150.0,21.0,3.0,234.0,260.0,32.0,4.0,4.0,1.0,0.0001
205,2020-08-24,22962,1.0,2.0802456232035444,9.517302064280118,1.6233494469123095,14.53432932671046,22962.0,47766.59999999979,218536.29000000007,37275.35000000045,333737.2699999256,2020-08-24,297.0,36.0,8.0,229.0,254.0,32.0,4.0,5.0,1.0,0.0001
206,2020-08-25,26224,1.0,2.0339235051860913,9.590973917022575,1.6930006863941591,14.721561165341171,26224.0,53337.61000000006,251513.7,44397.25000000043,386058.2199999069,2020-08-25,283.0,42.0,4.0,229.0,253.0,33.0,5.0,5.0,1.0,0.0001
207,2020-08-26,26462,1.0,2.08798692464667,9.816231577356207,1.7117946489305642,14.955425893730872,26462.0,55252.31000000018,259757.11999999997,45297.51000000059,395750.4799999063,2020-08-26,313.0,27.0,6.0,237.0,259.0,31.0,5.0,6.0,1.0,0.0001
208,2020-08-27,26344,1.0,2.0479752505314313,9.80192301852414,1.7045065290009325,14.933933343452297,26344.0,53951.86000000002,258221.86,44903.520000000564,393419.5399999073,2020-08-27,274.0,30.0,1.0,244.0,266.0,31.0,4.0,5.0,1.0,0.0001
209,2020-08-28,26650,1.0,2.114640900562852,9.79261688555347,1.690601500938104,14.92706979361737,26650.0,56355.18000000001,260973.23999999996,45054.53000000047,397806.40999990294,2020-08-28,280.0,22.0,5.0,248.0,268.0,29.0,5.0,5.0,1.0,0.0001
210,2020-08-29,18356,1.0,2.2338292656352,9.49848932229244,1.6258672913488834,14.295315428195597,18356.0,41004.169999999736,174354.27000000002,29844.420000000104,262404.8099999584,2020-08-29,128.0,22.0,2.0,246.0,268.0,29.0,4.0,5.0,1.0,0.0001
211,2020-08-30,17430,1.0,2.3598588640275313,9.863025243832473,1.6664882386689703,14.686668961558299,17430.0,41132.33999999987,171912.53,29046.890000000152,255988.63999996116,2020-08-30,186.0,20.0,4.0,252.0,273.0,28.0,4.0,5.0,1.0,0.0001
212,2020-08-31,24039,1.0,2.108727068513657,9.702573318357668,1.642201422688152,14.755824285532691,24039.0,50691.6899999998,233240.16,39476.880000000485,354715.2599999204,2020-08-31,315.0,42.0,1.0,254.0,275.0,29.0,3.0,4.0,1.0,0.0001
213,2020-09-01,27567,1.0,2.0193082308557235,9.682548336779481,1.6713167918163148,14.768363623168902,27567.0,55666.269999999735,266918.80999999994,46073.19000000035,407119.4799998971,2020-09-01,294.0,20.0,3.0,256.0,279.0,26.0,3.0,4.0,1.0,0.0001
214,2020-09-02,28863,1.0,2.003781658178293,9.520773308387902,1.6737418147801923,14.616136576235602,28863.0,57835.15000000007,274798.08,48309.21000000069,421865.5499998882,2020-09-02,271.0,27.0,4.0,250.0,273.0,26.0,3.0,4.0,1.0,0.0001
215,2020-09-03,29390,1.0,2.009633208574343,9.612181694453897,1.660193943518222,14.706653963929385,29390.0,59063.119999999944,282502.02,48793.100000000544,432228.55999988463,2020-09-03,273.0,18.0,5.0,250.0,274.0,24.0,3.0,4.0,1.0,0.0001
216,2020-09-04,27995,1.0,2.047542775495609,9.63668905161636,1.6575095552777506,14.7007519199819,27995.0,57320.95999999957,269779.11,46401.98000000063,411547.5499998933,2020-09-04,230.0,32.0,5.0,242.0,267.0,26.0,3.0,4.0,1.0,0.0001
217,2020-09-05,19972,1.0,2.2314199879831813,9.57748948527939,1.5575911275786265,14.264616963746443,19972.0,44565.9200000001,191281.61999999997,31108.210000000327,284892.92999994394,2020-09-05,156.0,22.0,3.0,246.0,269.0,26.0,4.0,4.0,1.0,0.0001
218,2020-09-06,15867,1.0,2.2481136950904355,9.466780109661563,1.549759878994142,14.159861347448887,15867.0,35670.81999999994,150209.40000000002,24590.04000000005,224674.5199999715,2020-09-06,207.0,31.0,7.0,249.0,272.0,27.0,4.0,4.0,1.0,0.0001
219,2020-09-07,16146,1.0,2.232378917378921,9.372790164746688,1.6263012510838637,14.189549733678428,16146.0,36043.990000000056,151333.07,26258.260000000064,229104.4699999719,2020-09-07,217.0,20.0,1.0,235.0,259.0,24.0,4.0,4.0,1.0,0.0001
220,2020-09-08,29195,1.0,2.0292680253467923,9.63515910258606,1.6574081178284121,14.71731940400374,29195.0,59244.4799999996,281298.47000000003,48388.03000000049,429672.1399998892,2020-09-08,393.0,26.0,2.0,250.0,272.0,25.0,4.0,4.0,1.0,0.0001
221,2020-09-09,32337,1.0,2.012297368339669,9.778914246837987,1.737922194390355,14.973432600422708,32337.0,65071.65999999989,316220.75,56199.190000000905,484195.8899998691,2020-09-09,353.0,32.0,2.0,261.0,284.0,26.0,4.0,4.0,1.0,0.0001
222,2020-09-10,33274,1.0,1.9590455009917622,9.582566267956965,1.760503396044985,14.797751397483635,33274.0,65185.2799999999,318850.31000000006,58578.99000000083,492380.3799998705,2020-09-10,323.0,25.0,3.0,268.0,291.0,27.0,3.0,3.0,1.0,0.0001
223,2020-09-11,33757,1.0,2.0556124655626866,9.845714962822527,1.769585567437904,15.081860354885297,33757.0,69391.30999999962,332361.80000000005,59735.900000001326,509118.35999986297,2020-09-11,313.0,32.0,4.0,280.0,305.0,27.0,3.0,3.0,1.0,0.0001
224,2020-09-12,27276,1.0,2.196316542014948,9.639249156767855,1.6980121718727335,14.551454392136156,27276.0,59906.72999999972,262920.16000000003,46314.98000000068,396905.4699999058,2020-09-12,202.0,11.0,4.0,287.0,313.0,25.0,3.0,4.0,1.0,0.0001
225,2020-09-13,19038,1.0,2.231178695241105,9.502084777812795,1.6723983611724043,14.371013236682131,19038.0,42477.18000000015,180900.69,31839.12000000023,273595.3499999544,2020-09-13,263.0,17.0,3.0,295.0,322.0,23.0,3.0,3.0,1.0,0.0001
226,2020-09-14,29864,1.0,2.0470097776587215,9.575379051701045,1.6956854406643704,14.72329292793617,29864.0,61131.90000000005,285959.12,50639.95000000076,439696.4199998858,2020-09-14,462.0,32.0,5.0,330.0,357.0,25.0,3.0,4.0,1.0,0.0001
227,2020-09-15,34119,1.0,2.0065157243764524,9.712658635950643,1.7718274275330654,14.961818634774227,34119.0,68460.31000000019,331386.19999999995,60452.98000000066,510482.28999986185,2020-09-15,415.0,30.0,3.0,333.0,364.0,26.0,3.0,4.0,1.0,0.0001
228,2020-09-16,35349,1.0,2.002088885116974,9.645206370760137,1.7903595575546907,14.921580242718695,35349.0,70771.83999999991,340948.4000000001,63287.42000000076,527462.9399998632,2020-09-16,457.0,45.0,6.0,348.0,380.0,27.0,4.0,4.0,1.0,0.0001
229,2020-09-17,36480,1.0,2.016925438596491,9.786446546052634,1.8047650767544188,15.074176260962512,36480.0,73577.44,357009.57000000007,65837.8300000012,549905.9499999124,2020-09-17,441.0,34.0,4.0,365.0,398.0,29.0,4.0,4.0,1.0,0.0001
230,2020-09-18,36484,1.0,2.047768062712422,9.809919964916128,1.7798218397105894,15.066348810435063,36484.0,74710.77,357905.12,64935.02000000114,549680.6699999128,2020-09-18,292.0,35.0,3.0,362.0,396.0,29.0,4.0,4.0,1.0,0.0001
231,2020-09-19,28565,1.0,2.1725363206721644,9.641643269735692,1.706502012952944,14.541777699978892,28565.0,62058.50000000038,275413.54000000004,48746.23000000085,415385.87999989704,2020-09-19,217.0,21.0,5.0,364.0,398.0,31.0,4.0,4.0,1.0,0.0001
232,2020-09-20,21845,1.0,2.2685983062485757,9.682678873884186,1.7107306019684294,14.581189288163701,21845.0,49557.53000000014,211518.12000000002,37370.91000000034,318526.07999993605,2020-09-20,221.0,21.0,5.0,358.0,391.0,31.0,4.0,5.0,1.0,0.0001
233,2020-09-21,31137,1.0,2.047318945306237,9.54948806885699,1.7170665125092601,14.736390467928162,31137.0,63747.3700000003,297342.4100000001,53464.30000000083,458846.9899998792,2020-09-21,559.0,28.0,3.0,372.0,409.0,31.0,4.0,4.0,1.0,0.0001
234,2020-09-22,34869,1.0,2.001669104362017,9.63426367260317,1.7760629785769952,14.894278872346776,34869.0,69796.19999999917,335937.13999999996,61929.540000001245,519348.6099998597,2020-09-22,498.0,33.0,3.0,384.0,422.0,31.0,4.0,4.0,1.0,0.0001
235,2020-09-23,37452,1.0,2.0229672647655654,9.74235234433408,1.7906584428068275,15.024227010571572,37452.0,75764.16999999995,364870.57999999996,67063.7400000013,562687.3499999265,2020-09-23,614.0,38.0,4.0,406.0,448.0,30.0,4.0,4.0,1.0,0.0001
236,2020-09-24,38862,1.0,2.030771705007457,9.872204981730224,1.818993875765553,15.175697081981458,38862.0,78919.84999999979,383653.63,70689.74000000092,589757.9399999634,2020-09-24,543.0,41.0,3.0,421.0,468.0,31.0,4.0,4.0,1.0,0.0001
237,2020-09-25,39296,1.0,2.0723643627850064,9.96334690553746,1.8120037662866906,15.2731613904717,39296.0,81435.62999999961,391519.68,71204.50000000179,600174.1499999759,2020-09-25,463.0,46.0,4.0,445.0,495.0,33.0,4.0,4.0,1.0,0.0001
238,2020-09-26,30805,1.0,2.189233241356914,9.709921116701832,1.7306992371368513,14.665295244274834,30805.0,67439.32999999974,299114.11999999994,53314.1900000007,451764.41999988625,2020-09-26,280.0,27.0,5.0,454.0,506.0,33.0,4.0,4.0,1.0,0.0001
239,2020-09-27,22978,1.0,2.18955827313083,9.372596396553226,1.6726786491426648,14.24630211506361,22978.0,50311.67000000021,215363.52000000002,38434.81000000015,327351.52999993163,2020-09-27,382.0,35.0,2.0,477.0,532.0,35.0,3.0,4.0,1.0,0.0001
240,2020-09-28,27253,1.0,2.0587014273658077,9.22270208784354,1.6734311818882588,14.35262172971438,27253.0,56105.79000000036,251346.3,45606.02000000072,391151.999999906,2020-09-28,437.0,38.0,3.0,460.0,513.0,37.0,3.0,4.0,1.0,0.0001
241,2020-09-29,37109,1.0,1.9746422700692483,9.769856638551294,1.8131458675793275,15.054585410545254,37109.0,73276.99999999974,362549.61,67284.03000000126,558660.6099999239,2020-09-29,723.0,50.0,7.0,492.0,547.0,39.0,4.0,5.0,1.0,0.0001
242,2020-09-30,38474,1.0,1.990873836876852,9.795770390393514,1.829816239538423,15.115864219991476,38474.0,76596.88,376882.4700000001,70400.35000000129,581567.759999952,2020-09-30,605.0,51.0,8.0,490.0,548.0,41.0,5.0,5.0,1.0,0.0001
243,2020-10-01,41151,1.0,2.0108028966489266,9.958487035551991,1.826947097275921,15.288946562659962,41151.0,82746.54999999999,409801.7,75180.70000000142,629155.4400000201,2020-10-01,705.0,41.0,5.0,514.0,572.0,41.0,5.0,6.0,1.0,0.0001
244,2020-10-02,39660,1.0,2.010210539586483,9.814911497730712,1.7951732223903576,15.084198436711437,39660.0,79724.94999999991,389259.39,71196.57000000158,598239.3099999756,2020-10-02,604.0,49.0,3.0,534.0,596.0,42.0,5.0,6.0,1.0,0.0001
245,2020-10-03,32106,1.0,2.1500464087709363,9.707688282564009,1.7534896904005786,14.688892107390428,32106.0,69029.38999999968,311675.04000000004,56297.540000000976,471601.5699998771,2020-10-03,301.0,24.0,5.0,537.0,600.0,41.0,5.0,6.0,1.0,0.0001
246,2020-10-04,22111,1.0,2.1842209759848106,9.398349237935872,1.694898919090069,14.310070100851943,22111.0,48295.31000000015,207806.90000000005,37475.91000000051,316409.95999993733,2020-10-04,335.0,44.0,7.0,530.0,596.0,42.0,5.0,6.0,1.0,0.0001
247,2020-10-05,32076,1.0,2.00551939144531,9.524124890884151,1.7273360144656678,14.70615413392791,32076.0,64329.03999999977,305495.83,55406.030000000756,471714.5999998716,2020-10-05,766.0,56.0,0.0001,577.0,654.0,45.0,5.0,5.0,1.0,0.0001
248,2020-10-06,37067,1.0,1.9861208082661013,9.596196077373405,1.7791593600777327,14.85968840208026,37067.0,73619.53999999957,355702.2,65948.10000000132,550804.069999909,2020-10-06,571.0,47.0,3.0,555.0,632.0,45.0,4.0,5.0,1.0,0.0001
249,2020-10-07,39014,1.0,1.9646447429128038,9.602002101809608,1.8059291536371955,14.904088788638903,39014.0,76648.65000000013,374612.51000000007,70456.52000000155,581468.1199999582,2020-10-07,542.0,45.0,4.0,546.0,623.0,44.0,4.0,4.0,1.0,0.0001
250,2020-10-08,40691,1.0,1.9873922980511591,9.836150008601413,1.829797989727486,15.158355410287179,40691.0,80868.97999999972,400242.7800000001,74456.31000000113,616808.6399999956,2020-10-08,525.0,46.0,6.0,521.0,597.0,44.0,4.0,4.0,1.0,0.0001
251,2020-10-09,38835,1.0,2.008843311445866,9.7803460795674,1.7985204068495246,15.065949272562277,38835.0,78013.43000000021,379819.73999999993,69845.54000000129,585086.139999956,2020-10-09,524.0,54.0,2.0,509.0,587.0,45.0,4.0,4.0,1.0,0.0001
252,2020-10-10,31196,1.0,2.1628920374406864,9.809337094499295,1.7534414668547484,14.796090203868642,31196.0,67473.57999999965,306012.08,54700.360000000735,461578.82999988616,2020-10-10,314.0,37.0,4.0,511.0,589.0,47.0,4.0,4.0,1.0,0.0001
253,2020-10-11,21859,1.0,2.2091948396541516,9.45331716912942,1.7135257788554092,14.385965048718461,21859.0,48290.7900000001,206640.06,37455.96000000039,314462.80999993684,2020-10-11,281.0,47.0,7.0,503.0,579.0,47.0,4.0,4.0,1.0,0.0001
254,2020-10-12,28657,1.0,1.957092158983839,8.93963429528562,1.662137348640833,13.811358481344879,28657.0,56084.389999999876,256183.1,47631.87000000035,395792.0999999002,2020-10-12,515.0,51.0,8.0,467.0,537.0,47.0,5.0,5.0,1.0,0.0001
255,2020-10-13,37388,1.0,1.962950679362351,9.705015245533327,1.8078172140794118,14.984038461536363,37388.0,73390.79999999958,362851.11,67590.67000000105,560223.2299999215,2020-10-13,588.0,49.0,5.0,470.0,545.0,47.0,5.0,5.0,1.0,0.0001
256,2020-10-14,40849,1.0,1.9777651839702295,9.769060197312054,1.8532656858185401,15.11955445665764,40849.0,80789.72999999991,399056.3400000001,75704.05000000155,617618.680000008,2020-10-14,583.0,58.0,6.0,476.0,559.0,49.0,5.0,6.0,1.0,0.0001
257,2020-10-15,43011,1.0,1.9937532259189592,9.940331078096303,1.8576380460812778,15.312342424032357,43011.0,85753.32000000036,427543.5800000001,79898.87000000184,658599.1600000557,2020-10-15,604.0,74.0,8.0,487.0,578.0,53.0,6.0,6.0,1.0,0.0001
258,2020-10-16,39981,1.0,1.9319984492634201,9.588543808308946,1.7970415947575529,14.847386508590922,39981.0,77243.2300000008,383359.57,71847.52000000172,593613.3599999737,2020-10-16,503.0,49.0,7.0,484.0,580.0,52.0,6.0,7.0,1.0,0.0001
259,2020-10-17,34180,1.0,2.11662053832651,9.668926857811586,1.7764464599181204,14.674938267989242,34180.0,72346.09000000011,330483.92000000004,60718.940000001356,501589.3899998723,2020-10-17,366.0,34.0,5.0,491.0,597.0,52.0,7.0,7.0,1.0,0.0001
260,2020-10-18,25208,1.0,2.20029871469375,9.536365042843542,1.741341637575392,14.502989923830508,25208.0,55465.13000000005,240392.69,43895.740000000485,365591.36999991944,2020-10-18,412.0,40.0,4.0,510.0,626.0,51.0,6.0,7.0,1.0,0.0001
261,2020-10-19,34522,1.0,2.0052621516714018,9.483664040322111,1.7389154741903985,14.678242280280976,34522.0,69225.66000000013,327395.04999999993,60030.840000000935,506722.27999985986,2020-10-19,626.0,68.0,7.0,526.0,656.0,53.0,6.0,7.0,1.0,0.0001
262,2020-10-20,39385,1.0,1.9812778976767917,9.595750412593626,1.822921670686845,14.905780627141382,39385.0,78032.63000000044,377928.62999999995,71795.77000000139,587064.1699999634,2020-10-20,601.0,71.0,5.0,528.0,665.0,56.0,6.0,7.0,1.0,0.0001
263,2020-10-21,40590,1.0,1.9866452328159747,9.697161123429417,1.8551315594974491,15.059640551859767,40590.0,80637.93000000042,393607.7700000001,75299.79000000146,611270.809999988,2020-10-21,653.0,52.0,5.0,538.0,678.0,55.0,6.0,6.0,1.0,0.0001
264,2020-10-22,42862,1.0,2.003501003219638,9.942911436703838,1.8730668190938906,15.326076478000356,42862.0,85874.06000000011,426173.0699999999,80283.39000000234,656906.2900000513,2020-10-22,759.0,53.0,3.0,560.0,707.0,52.0,5.0,5.0,1.0,0.0001
265,2020-10-23,41955,1.0,2.007541175068504,9.707043498987009,1.8352458586581348,15.049111667263203,41955.0,84226.38999999908,407259.00999999995,76997.74000000204,631385.4800000277,2020-10-23,601.0,59.0,5.0,574.0,728.0,54.0,5.0,5.0,1.0,0.0001
266,2020-10-24,34919,1.0,2.1134877860190544,9.620539247973884,1.798506257338462,14.685406512210166,34919.0,73800.87999999936,335939.61000000004,62802.040000001754,512799.7099998668,2020-10-24,386.0,46.0,1.0,577.0,735.0,56.0,4.0,5.0,1.0,0.0001
267,2020-10-25,25526,1.0,2.11595627987151,9.326391130611926,1.734174567108061,14.276133745981415,25526.0,54011.90000000017,238065.46000000002,44266.540000000365,364412.5899999216,2020-10-25,361.0,44.0,9.0,570.0,732.0,56.0,5.0,5.0,1.0,0.0001
268,2020-10-26,36454,1.0,1.9378540077906465,9.409780545344818,1.7629088714544634,14.615893180443203,36454.0,70642.53000000023,343024.13999999996,64265.080000001006,532807.7699998765,2020-10-26,695.0,55.0,4.0,579.0,749.0,54.0,5.0,5.0,1.0,0.0001
269,2020-10-27,41188,1.0,1.941851024570257,9.528329124987863,1.8186044478974703,14.847150140817769,41188.0,79980.95999999974,392452.82000000007,74904.68000000101,611524.4200000023,2020-10-27,741.0,46.0,8.0,599.0,779.0,51.0,5.0,5.0,1.0,0.0001
270,2020-10-28,43817,1.0,1.9371230344386918,9.688590044959719,1.851303147180356,15.031777848781593,43817.0,84878.92000000016,424524.95,81118.55000000166,658647.410000063,2020-10-28,783.0,44.0,4.0,618.0,806.0,50.0,5.0,5.0,1.0,0.0001
271,2020-10-29,45206,1.0,1.8564002566030986,9.659792063000488,1.8641835154625752,15.005361677655282,45206.0,83920.42999999967,436680.56000000006,84272.28000000118,678332.3800000846,2020-10-29,622.0,59.0,4.0,598.0,793.0,50.0,5.0,6.0,1.0,0.0001
272,2020-10-30,45213,1.0,1.8902145400659138,9.507425076858425,1.8019052042554502,14.776084312035794,45213.0,85462.27000000016,429859.20999999996,81469.54000000167,668071.1000000744,2020-10-30,653.0,58.0,10.0,606.0,807.0,50.0,6.0,6.0,1.0,0.0001
273,2020-10-31,37745,1.0,2.029631209431708,9.432136971784342,1.7619883428268992,14.42720174857338,37745.0,76608.42999999982,356016.01,66506.25000000131,544554.7299999022,2020-10-31,403.0,47.0,4.0,608.0,810.0,50.0,6.0,6.0,1.0,0.0001
274,2020-11-01,28001,1.0,2.1092157422949125,9.284533766651192,1.7256787257598203,14.231619585011364,28001.0,59060.14999999984,259976.23000000004,48320.73000000073,398499.5799999032,2020-11-01,501.0,53.0,12.0,628.0,842.0,52.0,7.0,7.0,1.0,0.0001
275,2020-11-02,37888,1.0,1.9416807432432428,9.554416173986487,1.7706756756756925,14.768599028714174,37888.0,73566.39999999998,361997.72000000003,67087.36000000064,559552.6799999226,2020-11-02,953.0,62.0,10.0,665.0,895.0,53.0,7.0,8.0,1.0,0.0001
276,2020-11-03,34396,1.0,1.9616792650308115,9.267919525526224,1.7180587859053786,14.19585533201148,34396.0,67473.9199999998,318779.36,59094.3500000014,488280.63999986683,2020-11-03,903.0,75.0,12.0,688.0,929.0,57.0,8.0,9.0,1.0,0.0001
277,2020-11-04,33484,1.0,1.9861913152550466,9.455909389559192,1.758285449767071,14.670703320985224,33484.0,66505.62999999998,316621.67,58874.430000000604,491233.8299998692,2020-11-04,1112.0,66.0,9.0,735.0,998.0,60.0,9.0,9.0,1.0,0.0001
278,2020-11-05,39759,1.0,2.002247792952542,9.799390829749237,1.8364395482783973,15.129530169269412,39759.0,79607.37000000011,389613.9799999999,73015.0000000008,601534.9899999825,2020-11-05,1139.0,82.0,9.0,809.0,1096.0,63.0,9.0,10.0,1.0,0.0001
279,2020-11-06,40842,1.0,2.0122888203320155,9.77609544096763,1.8275623133049808,15.106221781499478,40842.0,82185.90000000017,399275.29,74641.30000000203,616968.3100000017,2020-11-06,1036.0,63.0,10.0,864.0,1178.0,64.0,9.0,10.0,1.0,0.0001
280,2020-11-07,36121,1.0,2.142520971180201,9.854981312809722,1.8645632734420847,14.987150687962874,36121.0,77390.00000000003,355971.77999999997,67349.89000000154,541350.869999907,2020-11-07,845.0,58.0,13.0,927.0,1272.0,66.0,11.0,11.0,1.0,0.0001
281,2020-11-08,27047,1.0,2.1986364476651787,9.61183495396902,1.7704325803231666,14.615087810104974,27047.0,59466.520000000084,259971.30000000005,47884.89000000069,395294.2799999092,2020-11-08,788.0,63.0,8.0,968.0,1332.0,67.0,10.0,11.0,1.0,0.0001
282,2020-11-09,35434,1.0,1.9884938194953878,9.496260371394705,1.7601326409663323,14.716672687245495,35434.0,70460.28999999957,336490.49,62368.54000000102,521470.5799998569,2020-11-09,1546.0,78.0,5.0,1053.0,1447.0,69.0,9.0,10.0,1.0,0.0001
283,2020-11-10,43023,1.0,2.0002303419101546,9.790179206470958,1.8550923924412996,15.139795458244249,43023.0,86055.91000000059,421202.88,79811.64000000204,651359.4200000423,2020-11-10,1598.0,87.0,8.0,1152.0,1575.0,71.0,9.0,9.0,1.0,0.0001
284,2020-11-11,41157,1.0,1.9350715552639801,9.446039798819156,1.8037855042884947,14.494647569064178,41157.0,79641.73999999963,388770.66,74238.40000000158,596556.2099999744,2020-11-11,1541.0,97.0,9.0,1213.0,1649.0,75.0,9.0,9.0,1.0,0.0001
285,2020-11-12,43750,1.0,1.932580799999997,9.626157942857144,1.847403657142897,14.961656228572673,43750.0,84550.40999999987,421144.41000000003,80823.91000000174,654572.4600000544,2020-11-12,1501.0,79.0,16.0,1265.0,1716.0,75.0,10.0,10.0,1.0,0.0001
286,2020-11-13,43648,1.0,1.9362406066715505,9.563277126099708,1.825782853739051,14.864673066350107,43648.0,84513.02999999984,417417.92000000004,79691.7700000021,648813.2500000495,2020-11-13,1494.0,90.0,6.0,1330.0,1795.0,79.0,9.0,10.0,1.0,0.0001
287,2020-11-14,34421,1.0,2.0679341099909982,9.616244443798843,1.7972220446820542,14.660115917604724,34421.0,71180.36000000015,331000.75,61862.18000000098,504615.8499998722,2020-11-14,1026.0,97.0,9.0,1356.0,1831.0,84.0,9.0,9.0,1.0,0.0001
288,2020-11-15,22948,1.0,2.107784556388362,9.220264946836325,1.7196849398640417,14.132367962346848,22948.0,48369.44000000013,211586.63999999998,39463.33000000003,324309.57999993546,2020-11-15,896.0,88.0,14.0,1372.0,1854.0,88.0,10.0,10.0,1.0,0.0001
289,2020-11-16,35742,1.0,1.9723664036707593,9.630104918583179,1.7872933803368856,14.875907335903888,35742.0,70496.32000000028,344199.20999999996,63881.44000000096,531694.6799998768,2020-11-16,1832.0,122.0,9.0,1413.0,1893.0,94.0,10.0,10.0,1.0,0.0001
290,2020-11-17,41595,1.0,1.9462190167087416,9.744214929679048,1.8408174059382487,15.081520615459032,41595.0,80952.98000000011,405310.62,76568.80000000146,627315.8500000185,2020-11-17,1729.0,101.0,10.0,1431.0,1918.0,96.0,10.0,11.0,1.0,0.0001
291,2020-11-18,44062,1.0,1.91000340429395,9.761221006763197,1.8573748354591515,15.106820843358532,44062.0,84158.57000000002,430098.92,81839.65000000113,665636.7400000637,2020-11-18,1754.0,117.0,10.0,1462.0,1957.0,99.0,11.0,11.0,1.0,0.0001
292,2020-11-19,42747,1.0,1.957713991625135,9.765637588602708,1.8524506982946611,15.110513252392934,42747.0,83686.39999999964,417451.70999999996,79186.71000000188,645929.1100000407,2020-11-19,1857.0,131.0,9.0,1513.0,2010.0,107.0,10.0,10.0,1.0,0.0001
293,2020-11-20,42540,1.0,1.9995897978373087,9.804527033380346,1.8342903149976795,15.126792900800233,42540.0,85062.54999999912,417084.5799999999,78030.71000000129,643493.7700000419,2020-11-20,1773.0,131.0,7.0,1552.0,2050.0,112.0,10.0,11.0,1.0,0.0001
294,2020-11-21,32287,1.0,2.082869885712528,9.596817604608667,1.7767153962895674,14.592920989868407,32287.0,67249.62000000039,309852.45,57364.810000001264,471161.63999988127,2020-11-21,1290.0,119.0,11.0,1590.0,2077.0,116.0,10.0,11.0,1.0,0.0001
295,2020-11-22,21355,1.0,2.0677611800515074,9.109368766096935,1.6696272535706005,13.950813392645447,21355.0,44157.03999999994,194530.57000000004,35654.890000000174,297919.61999994353,2020-11-22,1148.0,114.0,10.0,1626.0,2112.0,119.0,9.0,10.0,1.0,0.0001
296,2020-11-23,36521,1.0,1.9302102899701292,9.418379836258591,1.7570545713425167,14.634186084715015,36521.0,70493.20999999909,343968.65,64169.39000000005,534455.109999877,2020-11-23,2317.0,147.0,14.0,1695.0,2189.0,123.0,10.0,11.0,1.0,0.0001
297,2020-11-24,38829,1.0,1.93255092842977,9.645841252671971,1.7954011177213096,14.891564552266386,38829.0,75039.01999999954,374538.37,69713.63000000073,578224.5599999515,2020-11-24,2072.0,129.0,16.0,1744.0,2246.0,127.0,11.0,12.0,1.0,0.0001
298,2020-11-25,35622,1.0,1.943196058615466,9.455184998034923,1.7412851608556672,14.612571444608877,35622.0,69220.53000000013,336812.60000000003,62028.06000000058,520529.0199998574,2020-11-25,2370.0,139.0,13.0,1832.0,2349.0,130.0,11.0,12.0,1.0,0.0001
299,2020-11-26,15924,1.0,2.1784520221050085,9.226826802310978,1.6180651846269969,13.984803441344612,15924.0,34689.67000000016,146927.99000000002,25766.070000000298,222694.0099999716,2020-11-26,817.0,153.0,7.0,1684.0,2180.0,133.0,11.0,12.0,1.0,0.0001
300,2020-11-27,22594,1.0,2.0642148357971175,9.154664512702487,1.596300787819782,14.191865982116102,22594.0,46638.87000000007,206840.49,36066.82000000015,320651.0199999312,2020-11-27,2297.0,156.0,15.0,1759.0,2291.0,137.0,12.0,13.0,1.0,0.0001
301,2020-11-28,23049,1.0,2.0976419801292896,9.347952188815134,1.6739103648748515,14.220639507133995,23049.0,48348.549999999996,215460.95,38581.96000000045,327771.51999993145,2020-11-28,1836.0,124.0,14.0,1837.0,2402.0,137.0,13.0,14.0,1.0,0.0001
302,2020-11-29,20217,1.0,2.153327892367821,9.40014690606915,1.7194019884255993,14.303053865556164,20217.0,43533.830000000235,190042.77,34761.15000000034,289164.839999949,2020-11-29,1887.0,164.0,15.0,1942.0,2538.0,145.0,13.0,14.0,1.0,0.0001
303,2020-11-30,31217,1.0,1.930760162731841,9.195803248230131,1.7330992728321182,14.359690553220497,31217.0,60272.53999999988,287065.39,54102.160000000236,448266.45999988425,2020-11-30,2894.0,187.0,18.0,2025.0,2650.0,150.0,14.0,15.0,1.0,0.0001
304,2020-12-01,37760,1.0,1.9293358050847662,9.500721663135593,1.7736475105932505,14.731785487286029,37760.0,72851.72000000077,358747.25,66972.93000000114,556272.2199999205,2020-12-01,3301.0,203.0,20.0,2200.0,2881.0,161.0,15.0,16.0,1.0,0.0001
305,2020-12-02,38853,1.0,1.9294304172136045,9.40131341209173,1.7970792474197883,14.670007464029451,38853.0,74964.16000000018,365269.23,69821.92000000103,569973.7999999363,2020-12-02,3129.0,169.0,27.0,2309.0,3016.0,165.0,17.0,18.0,1.0,0.0001
306,2020-12-03,39623,1.0,1.9416967417913729,9.504498649774119,1.8018060217550764,14.793566867727247,39623.0,76935.84999999957,376596.74999999994,71392.96000000139,586165.4999999567,2020-12-03,2939.0,207.0,18.0,2612.0,3395.0,173.0,18.0,19.0,1.0,0.0001
307,2020-12-04,39689,1.0,1.92106603844893,9.421810325279043,1.7918866688503423,14.693432437198101,39689.0,76245.18999999958,373942.23,71118.19000000124,583167.6399999554,2020-12-04,2815.0,179.0,26.0,2686.0,3468.0,176.0,20.0,21.0,1.0,0.0001
308,2020-12-05,28562,1.0,1.985735242630085,9.146407464463273,1.7165188012044224,14.076755479304913,28562.0,56716.57000000049,261239.69000000003,49027.21000000071,402060.2899999069,2020-12-05,1887.0,176.0,23.0,2693.0,3484.0,184.0,21.0,22.0,1.0,0.0001
309,2020-12-06,24295,1.0,2.0239485490841673,9.184111957192837,1.690772586952068,14.057546820330492,24295.0,49171.82999999985,223127.99999999997,41077.320000000494,341528.0999999293,2020-12-06,1755.0,175.0,21.0,2674.0,3470.0,185.0,22.0,23.0,1.0,0.0001
310,2020-12-07,34863,1.0,1.9129595846599579,9.226952643203397,1.7348108309669377,14.415881880499697,34863.0,66691.51000000011,321679.25000000006,60480.71000000035,502580.88999986096,2020-12-07,3302.0,221.0,19.0,2733.0,3560.0,190.0,22.0,23.0,1.0,0.0001
311,2020-12-08,39472,1.0,1.9036884373733265,9.410459059586541,1.7965390656668336,14.673099918928555,39472.0,75142.38999999994,371449.63999999996,70912.99000000126,579176.5999999479,2020-12-08,3059.0,221.0,22.0,2698.0,3514.0,193.0,22.0,23.0,1.0,0.0001
312,2020-12-09,40055,1.0,1.9063667457246134,9.500427162651354,1.8338606915491507,14.795546124078518,40055.0,76359.5199999994,380539.61,73455.29000000123,592635.599999965,2020-12-09,3105.0,274.0,27.0,2695.0,3531.0,208.0,22.0,24.0,1.0,0.0001
313,2020-12-10,40984,1.0,1.9276559145032321,9.709433193441342,1.8465030255709844,15.047940659769724,40984.0,79003.05000000047,397931.41,75677.08000000122,616724.8000000024,2020-12-10,3149.0,241.0,25.0,2725.0,3561.0,212.0,23.0,25.0,1.0,0.0001
314,2020-12-11,41704,1.0,1.9413147419911942,9.51691372530213,1.8242911950892264,14.837178927681004,41704.0,80960.59000000077,396893.37000000005,76080.2400000011,618769.7100000086,2020-12-11,2978.0,247.0,30.0,2748.0,3603.0,222.0,24.0,25.0,1.0,0.0001
315,2020-12-12,30995,1.0,2.042093563477991,9.383460235521857,1.7579493466688592,14.358743990962784,30995.0,63294.69000000033,290840.35,54487.64000000129,445049.2699998915,2020-12-12,2206.0,206.0,34.0,2793.0,3639.0,226.0,25.0,27.0,1.0,0.0001
316,2020-12-13,25275,1.0,2.0748629080118617,9.543825914935706,1.7547762611276216,14.50502195845373,25275.0,52442.1599999998,241220.19999999998,44351.970000000634,366614.42999991804,2020-12-13,2176.0,224.0,26.0,2854.0,3733.0,233.0,26.0,28.0,1.0,0.0001
317,2020-12-14,35470,1.0,1.884714688469121,9.288478996334932,1.7648133634057186,14.485213701715786,35470.0,66850.82999999973,329462.35000000003,62597.93000000084,513790.52999985893,2020-12-14,3577.0,259.0,30.0,2893.0,3782.0,239.0,28.0,30.0,1.0,0.0001
318,2020-12-15,42364,1.0,1.8864944292323664,9.694155651024456,1.8407397790577305,15.012216976678944,42364.0,79919.44999999997,410683.21,77981.1000000017,635977.5600000268,2020-12-15,3681.0,232.0,32.0,2982.0,3877.0,240.0,29.0,31.0,1.0,0.0001
319,2020-12-16,36045,1.0,1.8283767512830964,9.146422249965319,1.7720757386600363,14.269731446798717,36045.0,65903.83999999921,329682.7899999999,63874.47000000101,514352.46999985975,2020-12-16,2785.0,212.0,39.0,2936.0,3805.0,232.0,31.0,33.0,1.0,0.0001
320,2020-12-17,17709,1.0,1.8714105821898501,8.671006267999323,1.7724439550511222,14.001740922692928,17709.0,33140.810000000056,153554.85,31388.210000000323,247956.82999996905,2020-12-17,1924.0,226.0,35.0,2761.0,3610.0,229.0,32.0,34.0,1.0,0.0001
321,2020-12-18,41014,1.0,1.9265811674062516,9.967153654849565,1.8977783195982418,15.33123518798546,41014.0,79016.8,408792.84,77835.4800000023,628795.2800000357,2020-12-18,3427.0,273.0,39.0,2825.0,3667.0,233.0,34.0,36.0,1.0,0.0001
322,2020-12-19,29328,1.0,1.9632487725040912,9.431384001636664,1.7521423213311678,14.353702945986697,29328.0,57578.15999999999,276603.63000000006,51386.83000000049,420965.39999989787,2020-12-19,2556.0,236.0,31.0,2875.0,3732.0,237.0,33.0,35.0,1.0,0.0001
323,2020-12-20,20647,1.0,1.9994933888700612,9.060416525403204,1.651427810335661,13.86279846950877,20647.0,41283.540000000154,187070.41999999995,34097.03000000039,286225.19999994757,2020-12-20,2346.0,239.0,29.0,2899.0,3730.0,240.0,34.0,36.0,1.0,0.0001
324,2020-12-21,35151,1.0,1.9137774174276752,9.754584222354982,1.792215868680854,14.989574123065191,35151.0,67271.1900000002,342883.38999999996,62998.1800000007,526898.5199998645,2020-12-21,4336.0,326.0,41.0,3008.0,3833.0,249.0,35.0,38.0,1.0,0.0001
325,2020-12-22,38462,1.0,1.8974637304352489,9.788847693827673,1.7908663096043076,15.017633768393559,38462.0,72980.25000000054,376498.66,68880.30000000088,577608.2299999531,2020-12-22,4099.0,282.0,53.0,3068.0,3893.0,256.0,38.0,41.0,1.0,0.0001
326,2020-12-23,38431,1.0,1.8856022481850598,9.87918399208972,1.7868051833155838,15.097556139573836,38431.0,72465.58000000003,379666.92000000004,68668.7100000012,580214.1799999621,2020-12-23,3844.0,300.0,39.0,3219.0,4067.0,269.0,38.0,41.0,1.0,0.0001
327,2020-12-24,30054,1.0,1.8973910294802663,8.919913489053036,1.6150462500831926,13.889171158577357,30054.0,57024.18999999992,268079.07999999996,48538.60000000027,417425.1499998839,2020-12-24,3015.0,273.0,39.0,3375.0,4205.0,276.0,39.0,41.0,1.0,0.0001
328,2020-12-25,11773,1.0,2.2188040431495746,9.378891531470314,1.5882578781958743,14.09932982247481,11773.0,26121.97999999994,110417.69,18698.560000000027,165991.40999999593,2020-12-25,1046.0,265.0,39.0,3035.0,3830.0,274.0,39.0,42.0,1.0,0.0001
329,2020-12-26,18217,1.0,2.014075863204708,9.136587253664159,1.5557040127353743,13.804639622328537,18217.0,36690.420000000166,166441.21,28340.260000000315,251479.11999995896,2020-12-26,3454.0,266.0,37.0,3163.0,3988.0,279.0,40.0,42.0,1.0,0.0001
330,2020-12-27,15778,1.0,2.123236785397379,9.390356192166307,1.627622005323885,14.147116237797752,15778.0,33500.42999999985,148161.03999999998,25680.620000000257,223213.19999997292,2020-12-27,2888.0,244.0,44.0,3240.0,4096.0,279.0,42.0,44.0,1.0,0.0001
331,2020-12-28,26305,1.0,1.994634480136849,9.238218969777607,1.6658198061205232,14.327152252420042,26305.0,52468.85999999981,243011.34999999998,43819.39000000036,376875.7399999092,2020-12-28,5390.0,345.0,43.0,3391.0,4268.0,282.0,42.0,44.0,1.0,0.0001
332,2020-12-29,30254,1.0,1.9502769881668425,9.19975309050043,1.6944476763403336,14.324883982279548,30254.0,59003.67999999965,278329.33,51263.82000000045,433385.0399998854,2020-12-29,5205.0,318.0,50.0,3549.0,4434.0,287.0,42.0,44.0,1.0,0.0001
333,2020-12-30,31234,1.0,1.9634337580841437,9.325694435551004,1.7121972850099423,14.462225139267508,31234.0,61325.890000000145,291278.74000000005,53478.770000000535,451713.1399998813,2020-12-30,4984.0,313.0,40.0,3712.0,4613.0,289.0,42.0,44.0,1.0,0.0001
334,2020-12-31,29155,1.0,1.9587981478305596,8.955036528897274,1.6124558394786626,13.92935414165288,29155.0,57108.759999999966,261084.09000000003,47011.15000000041,406110.3199998897,2020-12-31,3392.0,280.0,41.0,3766.0,4685.0,290.0,42.0,45.0,1.0,0.0001
